mtknr;tag;uhrzeit
1000696;1;08:00;
1000638;1;08:00;1;15:30;
1000635;2;10:30;1;15:30;1;08:00;
1000634;2;10:30;1;15:30;1;08:00;
1000636;2;10:30;1;15:30;1;08:00;
1000625;2;10:30;1;15:30;1;08:00;
1000637;2;10:30;1;15:30;1;08:00;
1000630;2;10:30;1;15:30;1;08:00;
1000639;2;10:30;1;15:30;1;08:00;
1000628;2;10:30;1;15:30;1;08:00;
1000697;2;10:30;1;15:30;1;08:00;
1000632;2;10:30;1;15:30;1;08:00;
1000701;2;10:30;1;15:30;1;08:00;
1001016;2;10:30;1;15:30;1;08:00;
1000640;2;10:30;1;15:30;1;08:00;
1000694;2;10:30;1;15:30;1;08:00;
1000647;2;10:30;1;15:30;1;08:00;
1000670;2;10:30;1;15:30;1;08:00;
1000693;2;10:30;1;15:30;1;08:00;
1000698;2;10:30;1;15:30;1;08:00;
1000700;2;10:30;1;15:30;1;08:00;
1000692;2;10:30;1;15:30;1;08:00;
1000645;2;10:30;1;08:00;
1000371;2;08:00;
1000368;2;08:00;
1000362;2;14:00;1;10:30;
1000992;2;08:00;2;14:00;1;16:45;1;10:30;
1000372;2;08:00;2;14:00;1;16:45;1;10:30;
1000369;2;08:00;2;14:00;1;16:45;1;10:30;
880264;2;13:00;2;08:00;1;11:00;
880309;1;10:30;2;15:30;2;08:00;
880306;1;10:30;2;15:30;2;08:00;
1000601;2;08:00;2;14:00;1;16:45;1;10:30;
880281;2;15:30;
1000364;2;08:00;1;16:45;
880307;2;08:00;2;15:30;
1000367;2;08:00;2;14:00;1;16:45;1;10:30;
880274;1;10:30;2;08:00;
880308;1;10:30;2;15:30;2;08:00;
1000605;2;08:00;1;10:30;2;14:00;
1000370;2;08:00;2;14:00;1;16:45;1;10:30;
880285;1;10:30;
880310;2;08:00;2;15:30;
880301;1;11:00;
880272;1;10:30;2;15:30;2;08:00;
880313;1;10:30;2;15:30;2;08:00;
880314;1;10:30;2;15:30;2;08:00;
880316;1;10:30;2;15:30;2;08:00;
880293;1;10:30;2;08:00;
1000361;1;10:30;2;08:00;
880276;2;08:00;
880299;1;10:30;
880298;1;10:30;
880315;1;10:30;
1000365;2;08:00;2;14:00;1;16:45;1;10:30;
173122;1;16:00;
173100;1;16:00;
173042;1;10:30;1;16:00;
173360;2;14:00;
173508;2;14:00;
173837;1;11:00;2;08:00;7;08:00;1;16:30;2;14:00;
172845;1;16:00;
173644;1;11:00;2;08:00;7;08:00;1;16:30;2;14:00;
173337;2;14:00;
173713;1;11:00;7;08:00;3;13:00;4;13:00;4;08:00;1;16:30;2;08:00;
173666;1;11:00;2;08:00;4;13:00;7;08:00;1;16:30;
173575;1;11:00;2;08:00;4;13:00;7;08:00;3;13:00;
173622;1;11:00;7;08:00;4;13:00;4;08:00;3;13:00;2;14:00;2;08:00;
172812;1;16:00;
173611;4;13:00;
173519;7;08:00;4;13:00;2;14:00;
172414;1;16:00;
173542;7;08:00;2;08:00;4;13:00;2;14:00;
173291;7;08:00;4;13:00;2;14:00;
172732;1;16:00;
173531;7;08:00;4;13:00;
172958;1;16:00;
173804;1;11:00;2;08:00;7;08:00;1;16:30;2;14:00;
173757;1;11:00;7;08:00;2;08:00;1;16:30;4;13:00;4;08:00;3;13:00;2;14:00;
173826;1;11:00;7;08:00;4;08:00;2;14:00;1;16:30;2;08:00;
173406;2;14:00;
173735;1;11:00;2;08:00;7;08:00;1;16:30;2;14:00;
173688;7;08:00;1;16:30;1;11:00;2;08:00;
173768;1;11:00;2;08:00;4;13:00;7;08:00;1;16:30;
173791;1;11:00;2;08:00;7;08:00;1;16:30;2;14:00;
172903;1;16:00;
173702;1;11:00;7;08:00;2;14:00;3;13:00;2;08:00;1;16:30;4;08:00;4;13:00;3;08:00;
173655;1;11:00;2;08:00;7;08:00;1;16:30;2;14:00;
173019;1;16:00;
173677;1;11:00;2;08:00;7;08:00;1;16:30;2;14:00;
173699;1;11:00;2;08:00;7;08:00;1;16:30;2;14:00;
173746;1;11:00;2;08:00;7;08:00;1;16:30;2;14:00;
475223;2;11:00;
475154;2;11:00;
475030;2;11:00;
474924;2;11:00;
474888;2;11:00;
474855;2;11:00;
474844;2;11:00;
474413;2;11:00;
474828;3;08:00;
474695;3;08:00;
474968;4;15:30;
474640;5;10:30;1;10:30;
474446;2;11:00;4;15:30;
474783;3;08:00;1;16:30;2;12:30;4;15:30;
474963;3;11:00;5;14:00;2;12:30;5;08:00;
475176;2;11:00;
474885;3;11:00;5;14:00;2;12:30;5;08:00;
474861;3;11:00;5;14:00;2;12:30;5;08:00;
474849;3;11:00;5;14:00;2;12:30;5;08:00;
474825;4;08:00;3;14:30;2;11:30;
474768;4;08:00;3;14:30;
474765;4;08:00;3;14:30;
474762;3;08:00;4;08:00;3;14:30;2;11:30;
1000945;6;16:00;3;10:30;6;10:30;
474719;2;11:00;
1000944;6;16:00;3;10:30;6;10:30;
1000942;6;16:00;3;10:30;6;10:30;
474813;3;11:00;2;12:30;
1000941;6;16:00;3;10:30;6;10:30;
1000939;6;16:00;3;10:30;6;10:30;
475198;2;11:00;3;08:00;1;11:00;
1000938;4;08:00;6;16:00;3;10:30;6;10:30;
1000936;4;08:00;6;16:00;3;10:30;6;10:30;
474807;1;16:30;2;11:30;
1001032;6;16:00;3;10:30;6;10:30;
1000935;6;16:00;3;10:30;6;10:30;
1000924;6;16:00;3;10:30;6;10:30;
474795;2;11:00;
1000923;4;08:00;1;11:00;6;16:00;3;10:30;6;10:30;
1000937;6;16:00;3;10:30;6;10:30;
475018;3;14:30;3;08:00;2;11:00;
474921;3;11:00;4;08:00;5;14:00;2;12:30;
1000467;6;16:00;3;10:30;6;10:30;
1000943;6;16:00;3;10:30;6;10:30;
1000926;6;16:00;3;10:30;6;10:30;
475187;2;11:00;
1000927;6;16:00;3;10:30;6;10:30;
1000934;6;16:00;3;10:30;6;10:30;
474903;4;15:30;4;08:00;1;11:00;
1000930;6;16:00;3;10:30;6;10:30;
1000931;6;16:00;3;10:30;6;10:30;
1000932;6;16:00;3;10:30;6;10:30;
475096;2;11:00;
475290;2;11:00;1;16:30;4;15:30;3;14:30;4;08:00;
1000933;6;16:00;3;10:30;6;10:30;
1000940;6;16:00;3;10:30;6;10:30;
474909;3;11:00;5;08:00;4;08:00;5;14:00;2;12:30;
1000946;6;16:00;3;10:30;6;10:30;
1000947;6;16:00;3;10:30;6;10:30;
1000995;6;16:00;3;10:30;6;10:30;
1000948;6;16:00;6;10:30;
475256;3;11:00;2;12:30;
1000996;6;16:00;3;10:30;6;10:30;
475165;3;14:30;2;11:00;
1001002;6;16:00;3;10:30;6;10:30;
474491;2;11:00;
1001007;6;16:00;3;10:30;6;10:30;
474980;2;11:00;
1001011;6;16:00;3;10:30;6;10:30;
475234;2;11:30;
474846;6;16:00;5;14:00;4;15:30;1;11:00;2;12:30;3;11:00;
474833;2;11:00;3;08:00;
474930;4;15:30;6;10:30;
1000998;6;10:30;
474876;3;11:00;5;08:00;4;08:00;2;12:30;
1001004;6;16:00;6;10:30;
474843;4;15:30;4;08:00;1;11:30;
474858;4;08:00;
474891;4;15:30;2;11:30;4;08:00;1;11:00;
1000925;6;16:00;3;10:30;6;10:30;
474894;3;11:00;5;08:00;1;11:00;5;14:00;2;12:30;
474939;3;11:00;5;08:00;1;11:00;2;12:30;
474882;4;15:30;
474744;3;14:30;1;15:30;4;08:00;
378323;2;15:30;
376894;2;15:30;
379170;2;15:30;3;14:00;
379159;2;15:30;3;14:00;
378696;2;15:30;3;14:00;
378276;2;15:30;
378674;2;15:30;3;14:00;
378652;2;15:30;3;14:00;
378583;2;15:30;3;14:00;
378481;2;15:30;3;14:00;
377944;2;15:30;3;14:00;
376770;2;15:30;3;14:00;
378823;5;12:30;
378094;2;15:30;3;14:00;
378492;5;12:30;
378436;5;12:30;
2000000;8;08:00;
379973;5;12:30;8;08:00;1;11:00;
379206;3;08:00;8;08:00;1;11:00;
379111;3;08:00;8;08:00;1;11:00;
379688;5;12:30;1;11:00;7;13:30;8;08:00;
379531;1;11:00;7;13:30;8;08:00;
379495;5;12:30;7;13:30;1;11:00;
379042;5;12:30;1;11:00;7;13:30;8;08:00;
378914;5;12:30;1;11:00;7;13:30;8;08:00;
378630;3;08:00;1;11:00;7;13:30;8;08:00;
378209;2;15:30;7;13:30;3;14:00;
379368;2;15:30;3;14:00;2;08:00;5;12:30;
379815;8;08:00;5;12:30;7;08:00;1;11:00;7;13:30;
379779;5;12:30;7;08:00;1;11:00;7;13:30;
379768;7;08:00;1;11:00;7;13:30;
377875;2;15:30;3;14:00;
379467;1;11:00;7;13:30;8;08:00;
379666;8;08:00;5;12:30;7;08:00;1;11:00;7;13:30;
378801;5;12:30;1;11:00;
378403;7;13:30;
379995;8;08:00;5;12:30;7;08:00;1;11:00;7;13:30;
379597;8;08:00;5;12:30;7;08:00;1;11:00;7;13:30;
379473;8;08:00;5;12:30;7;08:00;1;11:00;7;13:30;
379360;8;08:00;5;12:30;7;08:00;1;11:00;7;13:30;
379757;5;12:30;7;13:30;1;11:00;
379359;3;08:00;7;08:00;
377013;3;14:00;
379202;7;13:30;7;08:00;
379181;8;08:00;5;12:30;7;08:00;1;11:00;7;13:30;
379150;8;08:00;5;12:30;7;08:00;1;11:00;7;13:30;
378992;5;12:30;7;08:00;8;08:00;
378334;5;12:30;7;08:00;
380221;8;08:00;2;11:00;7;13:30;
379365;8;08:00;5;12:30;7;08:00;1;11:00;7;13:30;
379962;5;12:30;8;08:00;2;11:00;1;11:00;7;13:30;
379939;5;12:30;8;08:00;2;11:00;1;11:00;7;13:30;
378947;3;08:00;1;11:00;
380141;6;08:00;6;14:00;
380243;2;11:30;6;08:00;3;16:30;
378265;2;15:30;3;14:00;
1000737;3;11:00;5;11:00;2;11:30;
379622;1;11:00;7;13:30;8;08:00;
1000303;3;11:00;5;11:00;
1000722;3;11:00;5;11:00;
380469;3;11:00;5;11:00;
379188;1;11:00;7;13:30;8;08:00;
379984;6;08:00;3;16:30;
379443;8;08:00;5;12:30;7;08:00;1;11:00;7;13:30;
1000721;3;11:00;5;11:00;
1000298;3;11:00;5;11:00;2;11:30;
1000290;3;16:30;6;14:00;3;11:00;5;11:00;2;11:30;
1000218;3;11:00;5;11:00;2;11:30;
379255;3;14:00;
1000732;3;11:00;5;11:00;2;11:30;
1000215;3;11:00;5;11:00;2;11:30;
380298;2;11:30;5;11:00;
380094;3;16:30;
380492;6;08:00;3;16:30;
380367;3;11:00;5;11:00;
379086;8;08:00;2;08:00;
379484;6;08:00;
379882;3;16:30;
380163;6;08:00;2;11:30;
380561;6;08:00;3;16:30;
379382;6;08:00;3;16:30;
380390;3;11:00;5;11:00;
1000317;3;11:00;5;11:00;2;11:30;
380196;6;08:00;6;14:00;3;16:30;
1000734;3;11:00;5;11:00;
379837;1;11:00;3;16:30;8;08:00;
380287;3;11:00;5;11:00;2;11:30;
380389;5;11:00;6;08:00;3;16:30;
380583;3;11:00;5;11:00;
1000296;5;11:00;3;16:30;6;14:00;3;11:00;
379520;5;11:00;6;08:00;3;16:30;
377057;1;11:00;
379644;3;16:30;3;11:00;5;11:00;2;11:30;
379611;5;12:30;1;11:00;7;13:30;8;08:00;
1000292;3;16:30;6;14:00;3;11:00;5;11:00;2;11:30;
1000163;3;11:00;5;11:00;
379848;6;14:00;
379508;5;12:30;7;13:30;1;11:00;
379906;3;16:30;5;11:00;
380470;3;11:00;5;11:00;
380276;3;11:00;
379194;5;12:30;8;08:00;2;08:00;1;11:00;7;13:30;
1000273;3;11:00;5;11:00;
379791;8;08:00;5;12:30;6;08:00;7;13:30;
380549;3;16:30;5;11:00;
378470;8;08:00;7;13:30;
1000146;3;11:00;5;11:00;2;11:30;
1000141;3;11:00;5;11:00;2;11:30;
379859;5;12:30;7;08:00;2;11:00;7;13:30;1;11:00;8;08:00;
1000142;3;11:00;5;11:00;2;11:30;
380516;3;11:00;5;11:00;
380118;6;08:00;3;11:00;
380403;3;11:00;5;11:00;2;11:30;
379724;6;08:00;6;14:00;3;16:30;
380061;3;16:30;2;11:30;
1000145;3;11:00;5;11:00;
380027;5;12:30;7;08:00;2;11:00;7;13:30;1;11:00;8;08:00;
1000310;3;11:00;5;11:00;
380425;1;11:00;6;08:00;7;08:00;7;13:30;2;11:30;8;08:00;
1001024;6;08:00;2;11:30;5;11:00;3;11:00;6;14:00;3;16:30;
379746;6;08:00;
379702;7;13:30;6;14:00;
380049;5;12:30;7;08:00;2;11:00;7;13:30;1;11:00;8;08:00;
1000730;3;11:00;5;11:00;2;11:30;
380447;2;11:30;6;08:00;3;16:30;6;14:00;3;11:00;
380436;1;11:00;7;13:30;
380038;3;16:30;3;11:00;
380232;3;11:00;
379155;5;12:30;1;11:00;
379553;8;08:00;7;13:30;6;14:00;7;08:00;
378936;2;08:00;5;12:30;3;08:00;
1000214;3;11:00;5;11:00;7;13:30;2;11:30;
380130;3;16:30;3;11:00;6;14:00;
379252;5;12:30;1;11:00;7;13:30;8;08:00;
379451;8;08:00;7;13:30;6;08:00;7;08:00;
380378;6;08:00;3;16:30;3;11:00;6;14:00;
380174;3;11:00;5;11:00;2;11:30;
380572;6;08:00;3;16:30;
378505;3;08:00;2;15:30;3;14:00;
379699;8;08:00;6;08:00;1;11:00;7;13:30;
379280;1;11:00;7;13:30;8;08:00;
1000160;3;16:30;3;11:00;6;14:00;
379210;8;08:00;6;14:00;1;11:00;7;13:30;
378889;5;12:30;1;11:00;7;13:30;8;08:00;
380481;3;16:30;6;14:00;
380083;6;08:00;
379279;3;11:00;
379677;1;11:00;7;13:30;6;14:00;7;08:00;
380356;6;08:00;6;14:00;3;16:30;
378958;5;12:30;1;11:00;2;08:00;8;08:00;
380152;3;11:00;5;11:00;2;11:30;
380550;6;08:00;6;14:00;3;16:30;
379462;3;11:00;
379860;6;08:00;6;14:00;3;16:30;
378618;2;15:30;3;14:00;
380210;6;08:00;6;14:00;3;16:30;
380254;6;08:00;6;14:00;3;16:30;
380458;6;08:00;6;14:00;3;16:30;
379542;1;11:00;5;12:30;3;16:30;8;08:00;
379144;3;16:30;
379826;8;08:00;5;12:30;7;08:00;1;11:00;7;13:30;
1000308;3;11:00;5;11:00;2;11:30;
379428;6;08:00;3;16:30;
380505;6;08:00;6;14:00;3;16:30;
380107;3;16:30;
378709;5;12:30;1;11:00;
380301;3;16:30;
379804;3;16:30;
379519;8;08:00;3;16:30;1;11:00;7;13:30;
379917;3;16:30;
1000747;6;14:00;3;11:00;5;11:00;2;11:30;
380265;3;16:30;
1000299;3;11:00;5;11:00;
380414;6;08:00;3;16:30;
1000459;2;11:00;1;15:00;
1000453;2;14:00;1;11:00;4;14:00;3;08:00;4;08:00;
1000449;2;14:00;1;11:00;4;14:00;3;08:00;4;08:00;
1000447;2;14:00;1;11:00;4;14:00;3;08:00;4;08:00;
870233;4;08:00;2;14:00;4;14:00;3;08:00;3;15:00;
1000457;2;14:00;1;11:00;4;14:00;3;08:00;4;08:00;
1000446;2;14:00;1;11:00;4;14:00;3;08:00;4;08:00;
1000598;2;11:00;1;15:00;
870226;3;08:00;2;08:00;2;14:00;4;14:00;1;11:00;4;08:00;
1000444;2;14:00;1;11:00;4;14:00;3;08:00;4;08:00;
850958;2;08:00;
850955;2;08:00;
850949;2;08:00;
850943;1;13:30;2;08:00;
850913;2;13:00;
850946;1;13:30;2;13:00;
850853;1;08:00;1;13:30;
850922;1;13:30;2;13:00;
850907;1;08:00;2;13:00;1;13:30;
850910;1;08:00;1;13:30;
850841;2;13:00;
850916;2;08:00;
850952;1;13:30;2;13:00;
850967;2;08:00;2;13:00;
850904;2;08:00;1;08:00;1;13:30;
850931;2;08:00;
1001063;2;08:00;1;14:00;
1001036;2;16:40;1;08:00;1;14:00;3;08:00;2;10:00;
1001035;1;14:00;
1000922;1;14:00;
840036;1;14:00;
840015;1;14:00;
840030;1;14:00;
1001039;2;08:00;1;14:00;
840021;1;14:00;
840033;1;14:00;
258468;7;08:00;6;15:30;
258540;7;08:00;2;13:00;6;15:30;
258301;7;08:00;2;13:00;6;15:30;
258277;2;13:00;
258648;5;10:30;2;15:30;3;13:30;6;08:00;
258642;5;10:30;2;15:30;3;13:30;6;08:00;
258639;5;10:30;2;15:30;3;13:30;6;08:00;
258618;5;10:30;2;15:30;3;13:30;6;08:00;
258549;5;10:30;2;15:30;3;13:30;6;08:00;
258507;5;10:30;2;15:30;3;13:30;6;08:00;
257694;3;13:30;6;15:30;7;08:00;1;11:00;6;08:00;5;10:30;
258843;5;13:30;6;15:30;6;10:30;7;08:00;
258840;5;13:30;6;15:30;6;10:30;7;08:00;
258834;5;13:30;6;15:30;6;10:30;7;08:00;
258825;5;13:30;6;15:30;6;10:30;7;08:00;
258822;5;13:30;6;15:30;6;10:30;7;08:00;
258816;5;13:30;6;15:30;6;10:30;7;08:00;
258810;5;13:30;6;15:30;6;10:30;7;08:00;
258786;5;13:30;6;15:30;6;10:30;7;08:00;
258783;5;13:30;6;15:30;6;10:30;7;08:00;
258759;5;13:30;6;15:30;6;10:30;7;08:00;
258726;5;13:30;6;15:30;6;10:30;7;08:00;
258630;5;13:30;6;15:30;6;10:30;7;08:00;
258768;5;13:30;6;10:30;7;08:00;3;17:00;6;15:30;
258732;5;13:30;6;10:30;7;08:00;3;17:00;6;15:30;
258627;3;17:00;
258606;5;13:30;6;10:30;7;08:00;3;17:00;6;16:30;
258837;5;13:30;6;10:30;7;08:00;5;08:00;6;15:30;
258831;5;13:30;6;15:30;6;10:30;5;08:00;3;17:00;
258813;5;13:30;6;15:30;5;08:00;3;17:00;
258771;5;13:30;6;10:30;7;08:00;5;08:00;6;15:30;
258765;5;13:30;6;15:30;6;10:30;5;08:00;3;17:00;
258750;5;13:30;3;17:00;5;08:00;7;08:00;6;10:30;6;15:30;
258585;7;08:00;2;13:00;6;15:30;
258386;1;16:00;7;08:00;6;15:30;2;13:00;3;13:30;
258687;2;11:00;7;08:00;3;08:00;4;15:30;3;17:00;
258654;3;08:00;3;17:00;4;15:30;7;08:00;5;13:30;2;11:00;
258633;3;08:00;3;17:00;4;15:30;7;08:00;5;13:30;2;11:00;
259080;6;16:30;4;15:30;6;11:00;3;17:00;2;11:00;1;16:45;5;08:00;
259053;6;16:30;4;15:30;6;11:00;3;17:00;2;11:00;1;16:45;5;08:00;
259044;6;16:30;4;15:30;6;11:00;3;17:00;2;11:00;1;16:45;5;08:00;
259032;6;16:30;4;15:30;6;11:00;3;17:00;2;11:00;1;16:45;5;08:00;
259026;6;16:30;4;15:30;6;11:00;3;17:00;2;11:00;1;16:45;5;08:00;
259020;6;16:30;4;15:30;6;11:00;3;17:00;2;11:00;1;16:45;5;08:00;
258897;6;16:30;4;15:30;6;11:00;3;17:00;2;11:00;1;16:45;5;08:00;
258855;6;16:30;4;15:30;6;11:00;3;17:00;2;11:00;1;16:45;5;08:00;
258798;6;16:30;4;15:30;6;11:00;3;17:00;2;11:00;1;16:45;5;08:00;
258669;6;10:30;2;11:00;3;17:00;
258621;3;17:00;5;08:00;2;11:00;4;15:30;
258936;6;16:30;3;17:00;6;11:00;4;15:30;8;08:00;1;16:45;5;08:00;
258879;6;16:30;3;17:00;2;11:00;8;08:00;4;15:30;6;11:00;5;08:00;
258852;8;08:00;2;11:00;
259179;4;08:00;4;16:45;2;11:00;7;13:30;8;13:30;8;08:00;
258555;2;15:30;6;08:00;5;10:30;3;08:00;3;13:30;
259152;4;08:00;
1000646;5;13:30;6;15:30;1;16:00;7;08:00;
1000592;5;13:30;6;15:30;1;16:00;7;08:00;
258894;5;13:30;7;08:00;6;10:30;
1000567;5;13:30;6;15:30;1;16:00;7;08:00;
1000664;1;16:00;7;08:00;2;11:00;5;13:30;6;15:30;
259002;6;16:30;5;08:00;3;17:00;2;11:00;4;08:00;4;15:30;6;11:00;1;16:45;
1000556;5;13:30;6;15:30;1;16:00;7;08:00;
259188;5;13:30;6;15:30;
1000589;5;13:30;6;15:30;1;16:00;7;08:00;
259164;5;13:30;6;15:30;1;16:00;7;08:00;
258873;6;16:30;4;15:30;6;11:00;3;17:00;4;08:00;5;08:00;1;16:45;
1000673;1;16:00;7;08:00;2;11:00;5;13:30;6;15:30;
1000574;1;16:00;7;08:00;2;11:00;5;13:30;6;15:30;
1000671;1;16:00;7;08:00;2;11:00;5;13:30;6;15:30;
259197;4;16:45;7;08:00;8;13:30;4;08:00;
1000663;5;13:30;6;15:30;1;16:00;7;08:00;
259185;4;08:00;1;16:00;4;16:45;2;11:00;8;13:30;7;13:30;8;08:00;
1000659;1;16:00;7;08:00;2;11:00;5;13:30;6;15:30;
258594;7;08:00;6;15:30;2;13:00;3;13:30;5;10:30;
1000665;1;16:00;7;08:00;2;11:00;5;13:30;6;15:30;
259191;4;16:45;8;13:30;7;08:00;1;16:00;
258510;5;10:30;7;08:00;6;15:30;2;13:00;
259107;4;08:00;1;16:00;4;16:45;2;11:00;8;13:30;7;13:30;8;08:00;
1000581;1;16:00;7;08:00;2;11:00;5;13:30;6;15:30;
1000580;1;16:00;7;08:00;2;11:00;5;13:30;6;15:30;
258612;5;10:30;2;15:30;3;13:30;6;08:00;
259209;4;16:45;8;13:30;4;08:00;7;08:00;1;16:00;
1000649;1;16:00;7;08:00;2;11:00;5;13:30;6;15:30;
257801;7;08:00;
258597;7;08:00;2;13:00;6;15:30;
1000668;1;16:00;7;08:00;2;11:00;5;13:30;6;15:30;
1000667;1;16:00;7;08:00;2;11:00;5;13:30;6;15:30;
259005;7;13:30;7;08:00;8;08:00;5;13:30;
1000573;4;16:45;6;15:30;5;13:30;2;11:00;7;13:30;7;08:00;1;16:00;
258924;6;16:30;
1000597;5;13:30;6;15:30;1;16:00;7;08:00;
258723;6;10:30;6;15:30;5;13:30;2;11:00;3;17:00;
1000595;5;13:30;6;15:30;1;16:00;7;08:00;
1000642;1;16:00;7;08:00;2;11:00;5;13:30;6;15:30;
258480;7;08:00;2;13:00;6;15:30;
259077;6;16:30;1;16:45;4;08:00;4;15:30;
258996;6;16:30;4;15:30;6;11:00;3;17:00;2;11:00;1;16:45;5;08:00;
1000669;5;13:30;6;15:30;
258912;6;16:30;1;16:45;3;17:00;4;15:30;6;11:00;5;08:00;
1000585;5;13:30;6;15:30;1;16:00;7;08:00;
258516;7;08:00;2;13:00;6;15:30;
259113;8;08:00;4;08:00;4;16:45;2;11:00;1;16:00;
1000587;1;16:00;7;08:00;2;11:00;5;13:30;6;15:30;
258522;7;08:00;2;13:00;
259119;1;16:00;4;16:45;2;11:00;6;15:30;8;13:30;8;08:00;4;08:00;
258546;7;08:00;2;13:00;6;15:30;
259143;4;16:45;1;16:00;2;11:00;7;08:00;8;08:00;8;13:30;
258570;5;10:30;2;15:30;3;13:30;6;08:00;
1000641;1;16:00;7;08:00;2;11:00;5;13:30;6;15:30;
259173;1;16:00;4;16:45;2;11:00;5;13:30;8;13:30;8;08:00;7;13:30;
258921;6;16:30;4;15:30;6;11:00;1;16:45;2;11:00;3;17:00;
1000594;1;16:00;7;08:00;2;11:00;5;13:30;6;15:30;
258738;6;16:30;3;17:00;2;11:00;4;08:00;4;15:30;6;11:00;1;16:45;
258313;7;08:00;2;13:00;6;15:30;
1000583;1;16:00;6;15:30;5;13:30;
258615;6;10:30;6;15:30;5;13:30;2;11:00;3;17:00;
259212;4;08:00;1;16:00;4;16:45;2;11:00;8;13:30;7;13:30;8;08:00;
258501;5;10:30;2;15:30;3;13:30;6;08:00;
259098;1;16:00;4;16:45;2;11:00;6;15:30;4;08:00;8;13:30;
1000572;1;16:00;7;08:00;2;11:00;5;13:30;6;15:30;
1000588;5;13:30;6;15:30;1;16:00;7;08:00;
258519;7;08:00;2;13:00;6;15:30;
259116;8;13:30;8;08:00;4;16:45;2;11:00;7;08:00;
1000590;1;16:00;7;08:00;2;11:00;5;13:30;6;15:30;
258525;5;10:30;2;15:30;3;13:30;6;08:00;
1000596;5;13:30;6;15:30;1;16:00;7;08:00;
259122;4;08:00;4;16:45;2;11:00;7;13:30;8;13:30;8;08:00;
258909;6;16:30;3;17:00;6;11:00;4;15:30;8;08:00;1;16:45;5;08:00;
1000582;1;16:00;7;08:00;2;11:00;5;13:30;6;15:30;
1000651;6;15:30;5;13:30;2;11:00;4;15:30;7;08:00;1;16:00;
1000591;1;16:00;7;08:00;2;11:00;5;13:30;6;15:30;
258489;5;10:30;2;15:30;3;13:30;6;08:00;
259086;2;11:00;4;08:00;7;13:30;
1000560;1;16:00;7;08:00;2;11:00;5;13:30;6;15:30;
257989;6;15:30;5;10:30;1;11:00;2;15:30;
258984;4;16:45;8;13:30;8;08:00;7;13:30;7;08:00;1;16:00;2;11:00;5;13:30;4;08:00;
1000657;1;16:00;7;08:00;2;11:00;5;13:30;6;15:30;
259092;4;08:00;4;16:45;2;11:00;8;13:30;7;08:00;8;08:00;
1000654;1;16:00;7;08:00;2;11:00;5;13:30;6;15:30;
1000563;5;13:30;6;15:30;1;16:00;7;08:00;
259095;4;08:00;4;16:45;2;11:00;7;13:30;8;13:30;8;08:00;
1000661;5;13:30;6;15:30;1;16:00;7;08:00;
1000672;1;16:00;7;08:00;2;11:00;5;13:30;6;15:30;
258999;4;16:45;8;13:30;1;16:00;2;11:00;
258504;2;15:30;6;08:00;5;10:30;3;08:00;3;13:30;
259101;4;08:00;4;16:45;2;11:00;7;13:30;8;13:30;8;08:00;
258951;6;16:30;2;11:00;7;08:00;6;11:00;1;16:45;5;08:00;
258471;7;08:00;
259068;6;16:30;4;15:30;7;08:00;4;08:00;
259155;8;13:30;7;08:00;1;16:00;
259161;1;16:00;4;16:45;2;11:00;4;08:00;8;13:30;7;08:00;7;13:30;
258870;1;16:00;4;16:45;2;11:00;5;13:30;4;08:00;8;13:30;8;08:00;7;13:30;
258380;7;08:00;2;13:00;6;15:30;
1000650;5;13:30;6;15:30;1;16:00;7;08:00;
259176;1;16:00;4;16:45;2;11:00;4;08:00;8;13:30;8;08:00;7;08:00;7;13:30;
1000047;3;10:00;4;15:30;3;16:00;5;08:00;1;16:00;
1000644;7;08:00;
259206;4;08:00;5;13:30;8;13:30;8;08:00;7;13:30;4;16:45;2;11:00;
258966;8;08:00;2;11:00;1;16:00;4;08:00;
259050;4;08:00;1;16:00;
259059;4;08:00;1;16:00;4;16:45;2;11:00;8;13:30;8;08:00;
259074;4;08:00;1;16:00;2;11:00;8;13:30;7;13:30;8;08:00;
1000584;1;16:00;7;08:00;2;11:00;5;13:30;6;15:30;
259110;4;08:00;1;16:00;4;16:45;2;11:00;8;13:30;7;13:30;8;08:00;
258528;5;10:30;2;15:30;3;13:30;6;08:00;
259125;4;16:45;2;11:00;1;16:00;8;13:30;4;08:00;
259131;4;08:00;1;16:00;4;16:45;2;11:00;8;13:30;7;13:30;8;08:00;
259140;4;16:45;8;13:30;8;08:00;1;16:00;2;11:00;
258552;7;08:00;2;13:00;6;15:30;
259149;4;08:00;1;16:00;4;16:45;2;11:00;8;13:30;7;13:30;
259158;4;08:00;1;16:00;4;16:45;2;11:00;8;13:30;7;13:30;8;08:00;
258448;2;15:30;3;13:30;1;11:00;2;08:00;
258846;4;15:30;6;11:00;3;17:00;4;08:00;5;08:00;1;16:45;
258954;8;08:00;4;08:00;
1000666;5;13:30;6;15:30;1;16:00;7;08:00;
258993;8;08:00;2;11:00;4;08:00;7;13:30;
259041;6;16:30;5;08:00;3;17:00;2;11:00;4;08:00;4;15:30;6;11:00;1;16:45;
258651;5;10:30;2;15:30;7;08:00;3;13:30;6;08:00;
259049;2;11:00;4;08:00;
258459;7;08:00;2;13:00;
259056;6;16:30;1;16:45;4;08:00;2;11:00;
259071;6;16:30;5;08:00;3;17:00;2;11:00;4;08:00;4;15:30;6;11:00;1;16:45;
259134;4;08:00;4;16:45;2;11:00;7;13:30;8;13:30;8;08:00;
515899;5;15:30;
515844;5;15:30;
515719;5;15:30;
515673;5;15:30;
515560;5;15:30;
515548;5;15:30;
515537;5;15:30;
515526;5;15:30;
515913;5;15:30;
515515;5;15:30;
515902;5;15:30;
515504;5;15:30;
515491;5;15:30;
515479;5;15:30;
515797;5;15:30;
515399;5;15:30;
515786;5;15:30;
515388;5;15:30;
515764;5;15:30;
515366;5;15:30;
515753;5;15:30;
515355;5;15:30;
515731;5;15:30;
515333;5;15:30;
1000197;4;16:45;
1000283;4;16:45;
1000178;4;16:45;
1000275;4;16:45;
1000175;4;16:45;
1000272;4;16:45;
1000271;4;16:45;
1000172;4;16:45;
1000269;4;16:45;
1000170;4;16:45;
1000781;2;11:00;4;16:45;
1000184;4;16:45;
1000137;4;16:45;
514943;2;11:00;2;16:35;1;13:30;
515249;2;11:00;
1000140;4;16:45;
515617;5;15:30;1;13:00;
1000182;4;16:45;
1000135;4;16:45;
515377;5;15:30;
515775;5;15:30;1;13:00;
1000174;4;16:45;
515246;2;11:00;2;16:35;1;13:30;
514761;2;11:00;2;16:35;1;13:30;
1000193;4;16:45;
515628;5;15:30;1;13:00;
1000169;4;16:45;
515082;2;11:00;2;16:35;1;13:30;
1000276;4;16:45;
514921;2;11:00;2;16:35;1;13:30;
515344;5;15:30;1;13:00;
515662;5;15:30;
1001023;4;16:45;
515695;5;15:30;
515297;5;15:30;1;10:30;
515606;5;15:30;
1000768;4;16:45;
1000171;4;16:45;
515268;5;15:30;
514965;2;11:00;2;16:35;1;13:30;
1000185;4;16:45;
1000138;4;16:45;
1000777;4;16:45;
1000180;4;16:45;
1000277;4;16:45;
514772;2;11:00;2;16:35;1;13:30;
1000133;4;16:45;
1000181;4;16:45;
1000278;4;16:45;
1000134;4;16:45;
515220;2;16:35;2;11:00;
1000780;4;16:45;
1000183;4;16:45;
1000280;4;16:45;
1000168;4;16:45;
1000765;4;16:45;
1000136;4;16:45;
1000201;4;16:45;
1000186;4;16:45;
1000783;4;16:45;
515822;5;15:30;
515424;5;15:30;2;11:00;
1000785;4;16:45;
515640;5;15:30;
1000205;4;16:45;
1000787;4;16:45;
1000207;4;16:45;
515651;5;15:30;
1000216;4;16:45;
1000270;4;16:45;
1000770;4;16:45;
1000776;4;16:45;
515184;2;11:00;2;16:35;1;13:30;
515582;5;15:30;2;11:00;
1000191;4;16:45;
1000788;4;16:45;
1000791;4;16:45;
515811;5;15:30;
515413;5;15:30;
1000177;4;16:45;
1000774;4;16:45;
515015;5;15:30;
1000195;4;16:45;
1000792;4;16:45;
1000793;4;16:45;
1000795;4;16:45;
1000797;4;16:45;
1000799;4;16:45;
1000203;4;16:45;
1000800;4;16:45;
515639;5;15:30;
1000801;4;16:45;
515004;2;11:00;2;16:35;1;13:30;
515402;5;15:30;2;11:00;
515855;5;15:30;
515059;2;10:30;
515457;5;15:30;2;11:00;
1000199;4;16:45;
515037;5;15:30;
515833;5;15:30;2;11:00;
515468;5;15:30;1;13:00;
515866;5;15:30;2;11:00;
515684;5;15:30;
515286;5;15:30;
1000274;4;16:45;
515311;5;15:30;
515720;5;15:30;
1000285;4;16:45;
515322;5;15:30;
1000469;4;13:00;5;11:00;
1000468;4;13:00;5;11:00;
1000107;4;13:00;5;11:00;
1000106;4;13:00;5;11:00;
1000105;4;13:00;5;11:00;
1000104;4;13:00;5;11:00;
1000101;4;13:00;5;11:00;
1000108;4;13:00;5;11:00;
1000097;4;13:00;5;11:00;
1000120;4;13:00;5;11:00;
1000100;4;13:00;5;11:00;
1000109;4;13:00;5;11:00;
1000098;4;13:00;5;11:00;
1000121;4;13:00;5;11:00;
1000099;4;13:00;5;11:00;
1000122;4;13:00;5;11:00;
1000111;4;13:00;5;11:00;
1000112;4;13:00;5;11:00;
1000113;4;13:00;5;11:00;
1000114;4;13:00;5;11:00;
1000491;4;13:00;5;11:00;
1000115;4;13:00;5;11:00;
1000116;4;13:00;5;11:00;
1000117;4;13:00;5;11:00;
1000119;4;13:00;5;11:00;
889013;1;11:00;
870236;1;11:00;2;10:30;
870235;1;11:00;2;08:00;
870228;1;11:00;
870234;1;11:00;
1000383;6;11:00;
1000551;4;10:30;2;10:30;3;08:00;6;11:00;
1000569;4;10:30;2;10:30;6;11:00;3;14:30;3;08:00;
1000568;2;10:30;3;14:30;
1000566;4;10:30;2;10:30;3;14:30;3;08:00;
1000562;4;10:30;3;14:30;6;11:00;
1000559;4;10:30;2;10:30;6;11:00;3;14:30;3;08:00;
1000554;4;10:30;2;10:30;6;11:00;3;14:30;3;08:00;
1000553;4;10:30;2;10:30;6;11:00;3;14:30;3;08:00;
1000398;4;10:30;2;10:30;6;11:00;3;14:30;3;08:00;
1000397;4;10:30;2;10:30;6;11:00;3;14:30;3;08:00;
1000394;4;10:30;2;10:30;6;11:00;3;14:30;3;08:00;
1000392;4;10:30;2;10:30;6;11:00;3;14:30;3;08:00;
1000391;4;10:30;2;10:30;6;11:00;3;14:30;3;08:00;
1000389;4;10:30;2;10:30;6;11:00;3;14:30;3;08:00;
1000388;4;10:30;6;11:00;3;14:30;3;08:00;
1000386;4;10:30;2;10:30;6;11:00;3;14:30;3;08:00;
1000385;4;10:30;2;10:30;6;11:00;3;14:30;3;08:00;
1000380;4;10:30;2;10:30;6;11:00;3;14:30;3;08:00;
1000379;4;10:30;2;10:30;6;11:00;3;14:30;3;08:00;
1000377;4;10:30;3;14:30;6;11:00;
1000376;4;10:30;2;10:30;6;11:00;3;14:30;3;08:00;
1000374;4;10:30;2;10:30;6;11:00;3;14:30;3;08:00;
1000373;4;10:30;2;10:30;6;11:00;3;14:30;3;08:00;
1000324;4;10:30;2;10:30;6;11:00;3;14:30;3;08:00;
1000315;4;10:30;2;10:30;6;11:00;3;14:30;3;08:00;
1000307;4;10:30;2;10:30;6;11:00;3;14:30;3;08:00;
1000305;4;10:30;2;10:30;6;11:00;3;14:30;3;08:00;
1000291;4;10:30;2;10:30;6;11:00;3;14:30;3;08:00;
1000289;4;10:30;2;10:30;6;11:00;3;14:30;3;08:00;
1000265;4;10:30;2;10:30;6;11:00;3;14:30;3;08:00;
1000262;4;10:30;2;10:30;6;11:00;3;14:30;3;08:00;
283703;2;08:00;
283900;2;11:00;6;14:00;2;16:30;4;08:00;4;14:00;3;13:30;3;08:00;
283659;6;08:00;2;08:00;
283858;1;11:30;7;08:00;5;08:00;5;13:00;
283738;3;10:00;2;08:00;
283840;1;11:30;7;08:00;4;14:00;5;13:00;5;08:00;6;08:00;
283705;3;10:00;2;08:00;
1000375;4;10:30;2;10:30;6;11:00;3;14:30;3;08:00;
283807;1;11:30;5;13:00;5;08:00;3;08:00;
283693;6;08:00;2;08:00;3;10:00;
283706;3;10:00;2;13:30;
284104;2;11:00;6;14:00;2;16:30;4;08:00;4;14:00;3;13:30;3;08:00;
283684;3;10:00;2;13:30;2;08:00;
283708;6;08:00;3;10:00;7;08:00;
283954;1;11:30;2;08:00;5;13:00;5;08:00;7;14:00;6;14:00;
1000323;4;10:30;2;10:30;6;11:00;3;14:30;3;08:00;
283755;1;11:30;5;08:00;7;14:00;5;13:00;4;14:00;6;14:00;
283936;1;11:30;3;08:00;7;08:00;5;13:00;5;08:00;6;08:00;
1000304;4;10:30;2;10:30;3;14:30;6;11:00;
283736;3;10:00;4;08:00;6;08:00;2;08:00;
283930;1;11:30;7;08:00;5;08:00;5;13:00;
283679;3;10:00;2;13:30;2;08:00;
284077;2;11:00;6;14:00;2;16:30;4;08:00;4;14:00;3;13:30;3;08:00;
283873;1;11:30;7;08:00;5;08:00;5;13:00;
283867;1;11:30;4;08:00;7;08:00;5;13:00;5;08:00;6;08:00;
283855;6;14:00;5;08:00;4;08:00;
283837;1;11:30;5;08:00;6;08:00;5;13:00;
1000477;4;10:30;2;10:30;6;11:00;3;14:30;3;08:00;
283909;2;11:00;7;14:00;4;08:00;4;14:00;2;16:30;6;14:00;
283804;1;11:30;7;08:00;5;08:00;6;08:00;5;13:00;
283207;4;14:00;
1000036;2;08:00;
283885;1;11:30;5;13:00;5;08:00;6;14:00;
1000882;1;11:30;7;08:00;4;14:00;5;13:00;5;08:00;6;08:00;
283788;1;11:30;6;08:00;5;13:00;5;08:00;2;16:30;
1000322;4;10:30;6;11:00;3;14:30;3;08:00;
283754;7;08:00;5;08:00;6;08:00;5;13:00;
283951;1;11:30;5;08:00;7;14:00;4;14:00;5;13:00;3;08:00;
283827;1;11:30;7;08:00;5;08:00;6;08:00;5;13:00;
283230;7;08:00;
283924;1;11:30;7;08:00;4;14:00;5;13:00;5;08:00;6;08:00;
284134;4;14:00;5;10:00;3;13:30;1;11:00;6;14:00;2;11:00;
283725;3;10:00;6;08:00;4;14:00;2;08:00;
283921;1;11:30;6;08:00;5;08:00;7;14:00;5;13:00;4;14:00;6;14:00;
283565;6;08:00;3;10:00;
283764;7;08:00;2;10:00;3;10:00;
283963;4;14:00;5;10:00;3;13:30;1;11:00;3;08:00;6;14:00;
283696;3;10:00;4;14:00;
283834;5;13:00;2;10:00;7;08:00;5;08:00;
1000039;2;08:00;
283791;7;08:00;4;08:00;2;10:00;3;10:00;
1000558;4;10:30;2;10:30;6;11:00;3;14:30;3;08:00;
283990;2;11:00;6;14:00;2;16:30;4;08:00;4;14:00;3;13:30;3;08:00;
1000312;4;10:30;2;10:30;6;11:00;3;14:30;3;08:00;
283744;1;11:30;7;08:00;2;10:00;5;13:00;5;08:00;6;08:00;
283778;1;11:30;5;08:00;2;10:00;5;13:00;3;08:00;6;14:00;
283579;7;08:00;
1000393;4;10:30;2;10:30;6;11:00;3;14:30;3;08:00;
283825;7;08:00;5;08:00;4;08:00;5;13:00;4;14:00;6;14:00;
283626;3;10:00;
1000387;4;10:30;2;10:30;6;11:00;3;14:30;3;08:00;
283819;1;11:30;7;08:00;4;14:00;5;13:00;5;08:00;6;08:00;
283567;4;08:00;
283766;1;11:30;4;14:00;6;08:00;
283761;1;11:30;4;14:00;
283960;2;11:00;3;08:00;6;14:00;2;16:30;7;14:00;4;08:00;4;14:00;3;13:30;
1000257;4;10:30;2;10:30;6;11:00;3;14:30;3;08:00;
283689;3;10:00;6;08:00;2;10:00;4;14:00;
1000885;5;13:00;5;08:00;4;08:00;
283987;2;11:00;6;14:00;2;16:30;4;08:00;4;14:00;3;13:30;3;08:00;
283578;1;11:30;6;08:00;2;08:00;3;10:00;
283675;4;14:00;
283769;1;11:30;5;08:00;7;14:00;2;10:00;4;14:00;5;13:00;
1000384;4;10:30;2;10:30;6;11:00;3;14:30;3;08:00;
283816;7;08:00;5;08:00;7;14:00;5;13:00;4;14:00;6;14:00;
284026;2;11:00;6;14:00;2;16:30;4;08:00;4;14:00;3;13:30;3;08:00;
283617;6;08:00;7;08:00;
283687;3;10:00;4;14:00;2;08:00;
283343;2;10:00;
1000396;4;10:30;2;10:30;6;11:00;3;14:30;3;08:00;
283828;1;11:30;7;08:00;4;14:00;5;13:00;5;08:00;6;08:00;
1000318;4;10:30;2;10:30;6;11:00;3;14:30;3;08:00;
283750;1;11:30;7;08:00;5;13:00;2;10:00;4;14:00;
283365;3;10:00;
283753;1;11:30;7;08:00;2;10:00;5;13:00;5;08:00;6;08:00;
283751;1;11:30;5;13:00;2;10:00;7;08:00;5;08:00;
283654;7;08:00;4;14:00;3;10:00;
283942;1;11:30;5;08:00;7;14:00;4;14:00;5;13:00;3;08:00;
1000311;4;10:30;2;10:30;6;11:00;3;14:30;3;08:00;
284152;7;08:00;2;08:00;4;14:00;3;10:00;4;08:00;
283743;1;11:30;5;13:00;4;14:00;7;08:00;5;08:00;
283748;6;08:00;4;14:00;7;08:00;7;14:00;
1000880;1;11:30;7;08:00;6;08:00;2;10:00;5;13:00;
283903;5;13:00;7;08:00;5;08:00;1;11:30;2;13:30;
283709;1;11:30;7;08:00;4;14:00;3;08:00;
1000266;4;10:30;2;10:30;6;11:00;3;14:30;3;08:00;
284107;2;11:00;6;14:00;2;16:30;4;08:00;4;14:00;3;13:30;3;08:00;
283618;6;08:00;2;10:00;3;10:00;4;08:00;
283715;6;08:00;4;14:00;2;08:00;
283704;6;08:00;
284113;2;11:00;3;08:00;6;14:00;2;16:30;7;14:00;4;08:00;4;14:00;3;13:30;
1000381;4;10:30;2;10:30;6;11:00;3;14:30;3;08:00;
283813;1;11:30;6;08:00;5;08:00;7;08:00;2;10:00;3;13:30;5;13:00;
283915;1;11:30;7;08:00;4;14:00;5;13:00;5;08:00;6;08:00;
283138;3;10:00;
283720;7;08:00;4;14:00;
283861;1;11:30;5;13:00;4;14:00;7;08:00;5;08:00;
283822;6;14:00;5;13:00;2;10:00;7;14:00;5;08:00;
1000313;4;10:30;2;10:30;6;11:00;3;14:30;3;08:00;
283745;4;14:00;
284143;2;11:00;3;08:00;6;14:00;2;16:30;7;14:00;4;08:00;4;14:00;3;13:30;
283658;1;11:30;7;08:00;2;10:00;5;13:00;5;08:00;6;08:00;
283779;1;11:30;5;13:00;4;14:00;2;08:00;
1000557;4;10:30;2;10:30;6;11:00;3;14:30;3;08:00;
283580;7;08:00;
283831;1;11:30;5;08:00;4;14:00;3;13:30;5;13:00;2;11:00;
283746;3;10:00;4;08:00;2;08:00;
283945;3;08:00;4;14:00;7;14:00;
283843;1;11:30;7;08:00;4;14:00;5;13:00;5;08:00;6;08:00;
283685;7;08:00;5;08:00;3;08:00;
283782;7;08:00;3;10:00;4;14:00;2;13:30;
283879;6;08:00;5;08:00;7;08:00;5;13:00;4;14:00;6;14:00;
283712;7;08:00;2;08:00;3;10:00;
283701;7;08:00;2;08:00;3;10:00;
284110;2;11:00;4;14:00;4;08:00;2;16:30;
283906;7;08:00;5;08:00;5;13:00;3;08:00;4;14:00;6;14:00;
283624;2;08:00;
283981;2;11:00;6;14:00;2;16:30;4;08:00;4;14:00;3;13:30;3;08:00;
283572;6;08:00;3;10:00;
283810;1;11:30;5;13:00;7;08:00;7;14:00;3;08:00;
283642;6;08:00;3;10:00;7;08:00;
283864;7;14:00;6;14:00;3;08:00;
283918;3;10:00;
283800;7;08:00;3;10:00;
283999;6;14:00;2;16:30;4;14:00;
284032;5;10:00;1;11:00;3;08:00;2;16:30;7;14:00;2;11:00;
284053;7;14:00;5;10:00;3;08:00;1;11:00;
1000281;4;10:30;2;10:30;6;11:00;3;14:30;3;08:00;
284122;7;14:00;5;10:00;3;08:00;1;11:00;
283978;2;11:00;2;16:30;4;08:00;4;14:00;3;13:30;3;08:00;
283569;2;11:00;4;08:00;4;14:00;7;14:00;1;11:00;3;08:00;
283768;4;08:00;7;14:00;2;16:30;
283740;3;08:00;4;08:00;3;13:30;
283939;3;08:00;3;13:30;4;14:00;7;14:00;
283849;2;11:00;6;14:00;2;16:30;7;14:00;4;08:00;5;10:00;3;13:30;3;08:00;
283852;3;08:00;7;14:00;4;08:00;4;14:00;
283891;3;08:00;4;08:00;7;14:00;
283894;2;11:00;3;13:30;3;08:00;1;11:00;4;08:00;4;14:00;6;14:00;2;16:30;7;14:00;
283897;3;08:00;4;08:00;7;14:00;2;16:30;
283933;6;14:00;4;14:00;4;08:00;3;13:30;7;14:00;3;08:00;
283957;2;11:00;6;14:00;2;16:30;4;08:00;4;14:00;3;13:30;3;08:00;
283969;2;11:00;6;14:00;2;16:30;4;08:00;4;14:00;5;10:00;3;13:30;3;08:00;
283975;2;11:00;6;14:00;2;16:30;4;08:00;4;14:00;3;13:30;3;08:00;
283776;7;14:00;6;14:00;3;08:00;
1000552;4;10:30;6;11:00;3;14:30;3;08:00;
283984;2;11:00;3;08:00;6;14:00;2;16:30;7;14:00;4;08:00;4;14:00;3;13:30;
1000561;4;10:30;2;10:30;6;11:00;3;14:30;3;08:00;
283584;2;08:00;2;13:30;
283993;2;11:00;6;14:00;2;16:30;7;14:00;4;08:00;4;14:00;3;13:30;
1000564;4;10:30;2;10:30;6;11:00;3;14:30;3;08:00;
283996;2;11:00;2;16:30;7;14:00;4;08:00;4;14:00;5;10:00;3;13:30;
1000570;4;10:30;2;10:30;6;11:00;3;14:30;3;08:00;
284002;2;11:00;6;14:00;2;16:30;4;08:00;4;14:00;3;13:30;3;08:00;
283596;6;08:00;4;08:00;3;10:00;
284005;2;11:00;6;14:00;2;16:30;4;08:00;4;14:00;3;13:30;3;08:00;
284011;2;11:00;6;14:00;2;16:30;7;14:00;4;08:00;4;14:00;3;13:30;
284014;2;11:00;3;08:00;2;16:30;7;14:00;4;08:00;4;14:00;5;10:00;3;13:30;
283611;6;08:00;3;10:00;
284020;2;11:00;4;08:00;4;14:00;3;13:30;2;16:30;6;14:00;
284023;2;11:00;6;14:00;2;16:30;4;08:00;4;14:00;3;13:30;3;08:00;
283620;7;08:00;4;14:00;2;08:00;
284029;2;11:00;3;08:00;6;14:00;2;16:30;7;14:00;4;08:00;4;14:00;3;13:30;
284038;2;16:30;4;08:00;4;14:00;5;10:00;3;13:30;2;11:00;
284044;2;11:00;6;14:00;2;16:30;4;08:00;4;14:00;3;13:30;3;08:00;
284047;2;11:00;3;08:00;6;14:00;2;16:30;7;14:00;4;08:00;4;14:00;3;13:30;
283641;7;08:00;2;08:00;
284050;2;11:00;3;08:00;6;14:00;2;16:30;7;14:00;4;08:00;4;14:00;5;10:00;3;13:30;
284059;5;10:00;3;13:30;4;14:00;4;08:00;2;16:30;
284062;7;14:00;5;10:00;4;14:00;4;08:00;1;11:00;
284065;2;11:00;3;08:00;6;14:00;2;16:30;7;14:00;4;08:00;4;14:00;3;13:30;
284071;2;11:00;3;08:00;6;14:00;2;16:30;7;14:00;4;08:00;4;14:00;3;13:30;
283673;6;08:00;
283665;3;10:00;
284074;2;11:00;6;14:00;2;16:30;4;08:00;4;14:00;3;13:30;3;08:00;
283686;1;11:30;7;08:00;5;08:00;5;13:00;
284095;2;11:00;3;08:00;6;14:00;2;16:30;7;14:00;4;08:00;4;14:00;3;13:30;
284116;2;11:00;6;14:00;2;16:30;7;14:00;4;08:00;4;14:00;3;13:30;
283710;3;10:00;2;08:00;
284119;2;11:00;6;14:00;2;16:30;7;14:00;4;08:00;4;14:00;3;13:30;
283310;7;08:00;2;13:30;
283719;3;10:00;
284128;2;11:00;6;14:00;2;16:30;7;14:00;4;08:00;4;14:00;3;13:30;
284131;2;11:00;4;08:00;4;14:00;5;10:00;3;13:30;2;16:30;6;14:00;
1000301;4;10:30;6;11:00;3;14:30;3;08:00;
283733;6;08:00;
284137;2;11:00;6;14:00;2;16:30;4;08:00;4;14:00;5;10:00;3;13:30;3;08:00;
284140;2;11:00;6;14:00;2;16:30;7;14:00;4;08:00;4;14:00;5;10:00;3;13:30;
283742;3;08:00;4;14:00;7;14:00;
283870;2;11:00;1;11:00;6;14:00;3;08:00;
283716;3;10:00;4;14:00;
284125;5;10:00;1;11:00;7;14:00;
283608;7;08:00;2;08:00;
284017;3;08:00;5;10:00;4;14:00;3;13:30;
283789;3;08:00;7;14:00;3;13:30;
283948;7;14:00;6;14:00;3;08:00;
283749;1;11:30;5;13:00;3;08:00;6;14:00;
281687;6;08:00;7;08:00;
284086;1;11:30;3;10:00;5;13:00;
283677;7;08:00;
1000565;4;10:30;2;10:30;6;11:00;3;14:30;3;08:00;
283588;7;08:00;
284008;4;14:00;4;08:00;7;14:00;2;16:30;
283599;7;08:00;
283621;7;08:00;
283633;7;08:00;
283648;1;11:30;6;08:00;
283663;6;08:00;
283680;6;08:00;
284089;6;08:00;
284056;2;11:00;3;08:00;6;14:00;2;16:30;7;14:00;4;08:00;4;14:00;3;13:30;
283647;1;11:30;
283765;1;11:30;
1000256;4;10:30;2;10:30;6;11:00;3;14:30;3;08:00;
1001030;6;11:30;4;15:00;
1001019;6;11:30;4;15:00;
1000890;6;11:30;4;15:00;
1000888;6;11:30;4;15:00;
1000887;6;11:30;4;15:00;
1000886;6;11:30;4;15:00;
1000883;6;11:30;4;15:00;
1000878;6;11:30;4;15:00;
1000875;6;11:30;4;15:00;
1000873;6;11:30;4;15:00;
1000867;6;11:30;4;15:00;
1000864;6;11:30;4;15:00;
1000852;6;11:30;4;15:00;
1000848;6;11:30;4;15:00;
1000833;6;11:30;4;15:00;
1000831;6;11:30;4;15:00;
1000829;6;11:30;4;15:00;
1000828;6;11:30;4;15:00;
1000606;6;11:30;4;15:00;
1000505;6;11:30;4;15:00;
1000502;6;11:30;4;15:00;
1000497;6;11:30;4;15:00;
1000492;6;11:30;4;15:00;
1000884;6;11:30;4;15:00;
1000475;6;11:30;4;15:00;
1000472;6;11:30;4;15:00;
1000879;6;11:30;4;15:00;
1000470;6;11:30;4;15:00;
1000360;6;11:30;4;15:00;
1000359;6;11:30;4;15:00;
1000356;6;11:30;4;15:00;
1000342;6;11:30;4;15:00;
1000341;6;11:30;4;15:00;
1000340;6;11:30;4;15:00;
1000339;6;11:30;4;15:00;
1000331;6;11:30;4;15:00;
1000326;6;11:30;4;15:00;
1000321;6;11:30;4;15:00;
1000309;6;11:30;4;15:00;
1000288;6;11:30;4;15:00;
1000287;6;11:30;4;15:00;
1000286;6;11:30;4;15:00;
1000284;6;11:30;4;15:00;
1000282;6;11:30;4;15:00;
1000279;6;11:30;4;15:00;
1000268;6;11:30;4;15:00;
1000246;6;11:30;4;15:00;
1000245;6;11:30;4;15:00;
1000243;6;11:30;4;15:00;
1000242;6;11:30;4;15:00;
1000240;6;11:30;4;15:00;
1000239;6;11:30;4;15:00;
1000238;6;11:30;4;15:00;
1000235;6;11:30;4;15:00;
1000234;6;11:30;4;15:00;
1000232;6;11:30;4;15:00;
1000231;6;11:30;4;15:00;
1000228;6;11:30;4;15:00;
1000227;6;11:30;4;15:00;
1000226;6;11:30;4;15:00;
1000224;6;11:30;4;15:00;
1000223;6;11:30;4;15:00;
1000221;6;11:30;4;15:00;
1000220;6;11:30;4;15:00;
1000128;6;11:30;4;15:00;
1000126;6;11:30;4;15:00;
1000103;6;11:30;4;15:00;
166707;4;11:00;
166649;4;11:00;
166638;4;11:00;
166605;4;11:00;
166569;4;11:00;
168125;0;08:00;
166898;4;11:00;
166489;4;11:00;
166876;4;11:00;
166467;4;11:00;
166445;4;11:00;
166821;4;11:00;
166412;4;11:00;
166376;4;11:00;
166365;4;11:00;
166332;4;11:00;
166730;4;11:00;
166321;4;11:00;
166310;4;11:00;
1000260;6;11:30;4;15:00;
166718;4;11:00;
166309;4;11:00;
167846;0;08:00;
164574;4;11:00;5;15:30;6;08:00;
166809;4;11:00;
163946;6;08:00;5;15:30;
1000003;3;11:30;4;11:00;
169182;3;11:30;4;11:00;
167391;6;08:00;5;15:30;
169171;4;11:00;
167380;5;08:00;2;10:30;
166661;4;11:00;
169115;4;11:00;
169080;4;11:00;
169079;4;11:00;
169002;4;11:00;
168929;3;11:30;4;11:00;
168781;4;11:00;
168098;3;11:30;
1000004;6;08:00;3;11:30;
166398;6;08:00;5;15:30;
168952;4;11:00;
168543;3;11:30;4;11:00;
162761;2;08:00;
168510;4;11:00;
168496;3;11:30;4;11:00;
168087;4;11:00;
168883;4;11:00;
168474;4;11:00;
168894;3;11:30;4;11:00;
168485;3;11:30;4;11:00;
168076;3;11:30;
168441;4;11:00;
168850;4;11:00;
168623;3;11:30;4;11:00;
1000854;6;11:30;4;15:00;
164449;4;11:00;
168816;4;11:00;
168407;4;11:00;
168805;3;11:30;4;11:00;
166627;4;11:00;
166218;6;08:00;5;15:30;
168418;4;11:00;
168827;3;11:30;5;08:00;
168009;3;11:30;
1000471;6;11:30;4;15:00;
168565;3;11:30;5;08:00;4;11:00;
168554;4;11:00;
168963;3;11:30;5;08:00;4;11:00;
1000244;6;11:30;4;15:00;
168747;4;11:00;
166547;4;11:00;
166956;6;08:00;5;15:30;
165895;4;11:00;
168349;3;11:30;
169013;4;11:00;
167222;6;08:00;5;15:30;
167211;3;11:30;5;15:30;6;08:00;
167620;3;11:30;
168714;4;11:00;
165033;4;11:00;
1000836;6;11:30;4;15:00;
168112;0;08:00;
168930;6;08:00;5;15:30;
168521;3;11:30;4;11:00;
1000219;6;11:30;4;15:00;
167904;3;11:30;4;11:00;
1000230;6;11:30;4;15:00;
167506;6;08:00;5;15:30;
168678;3;11:30;4;11:00;
166478;4;11:00;
166887;3;11:30;5;15:30;6;08:00;
166069;4;11:00;
166832;6;08:00;4;11:00;5;15:30;
166014;3;11:30;5;15:30;6;08:00;
159906;1;11:00;2;08:00;
168043;3;11:30;5;08:00;4;11:00;
168452;4;11:00;
168861;3;11:30;2;10:30;4;11:00;
168872;4;11:00;
168054;3;11:30;4;11:00;2;10:30;5;08:00;
168463;4;11:00;
169160;4;11:00;
164461;5;15:30;
167324;6;08:00;5;15:30;
164052;5;15:30;
1000294;6;11:30;4;15:00;
166343;4;11:00;
169206;4;11:00;2;10:30;
168689;3;11:30;2;10:30;4;11:00;
1000473;6;11:30;4;15:00;
165704;4;11:00;
167766;2;10:30;
1000247;6;11:30;4;15:00;
166296;4;11:00;
169159;5;08:00;2;10:30;
167368;5;15:30;
1000346;6;11:30;4;15:00;
165577;4;11:00;
166536;4;11:00;
166127;6;08:00;5;15:30;
166945;6;08:00;5;15:30;
166263;4;11:00;5;15:30;
166672;6;08:00;5;15:30;
169126;4;11:00;
167335;6;08:00;5;15:30;
166763;6;08:00;5;15:30;
169217;4;11:00;
165997;4;11:00;
166650;4;11:00;
169104;4;11:00;2;10:30;5;08:00;
167313;6;08:00;5;15:30;
1000844;6;11:30;4;15:00;
167711;3;11:30;
166865;4;11:00;6;08:00;
166047;6;08:00;5;15:30;
166434;4;11:00;
166843;6;08:00;5;15:30;
1000241;6;11:30;4;15:00;
167108;6;08:00;5;15:30;
164654;4;11:00;
169057;3;11:30;5;08:00;4;11:00;
1000233;6;11:30;4;15:00;
168327;5;15:30;5;08:00;
168736;3;11:30;2;10:30;4;11:00;
165873;4;11:00;
168281;5;08:00;0;08:00;4;11:00;
166092;4;11:00;
168792;3;11:30;4;11:00;
1000300;6;11:30;4;15:00;
168394;3;11:30;4;11:00;
168598;3;11:30;5;08:00;4;11:00;
165395;3;11:30;
168667;4;11:00;5;08:00;
168985;5;08:00;
168576;3;11:30;5;08:00;
1000493;6;11:30;4;15:00;
168587;3;11:30;4;11:00;
168996;4;11:00;5;08:00;
168178;4;11:00;
1000338;6;11:30;4;15:00;
166796;4;11:00;
166387;6;08:00;
166592;4;11:00;
166183;5;15:30;
169193;5;08:00;
169045;4;11:00;5;08:00;
168918;4;11:00;2;10:30;
165237;4;11:00;
1000006;3;11:30;4;11:00;
168509;4;11:00;5;08:00;
169091;5;08:00;
1000236;6;11:30;4;15:00;
810869;2;11:00;4;11:00;
166285;4;11:00;
169148;4;11:00;5;08:00;
167266;6;08:00;5;15:30;
167675;4;11:00;
167686;4;11:00;5;08:00;
167277;6;08:00;5;15:30;
1000225;6;11:30;4;15:00;
166683;4;11:00;
169137;4;11:00;5;08:00;
168429;3;11:30;4;11:00;
165157;4;11:00;5;15:30;6;08:00;
168770;5;08:00;
168361;4;11:00;
166581;4;11:00;
169035;3;11:30;4;11:00;
166990;6;08:00;5;15:30;
166172;4;11:00;
166514;4;11:00;
166923;5;15:30;
166105;6;08:00;5;15:30;
167299;6;08:00;
1000830;6;11:30;4;15:00;
167697;3;11:30;
166810;6;08:00;5;15:30;
166401;6;08:00;5;15:30;
167197;6;08:00;5;15:30;
166149;4;11:00;
166967;6;08:00;5;15:30;
164778;4;11:00;6;08:00;
164176;4;11:00;
167039;6;08:00;5;15:30;
164563;4;11:00;
167017;6;08:00;5;15:30;
167835;3;11:30;
167040;6;08:00;5;15:30;
167051;6;08:00;5;15:30;
168941;5;08:00;
168532;4;11:00;
165260;4;11:00;6;08:00;
1000252;6;11:30;4;15:00;
167528;6;08:00;5;15:30;
167119;6;08:00;5;15:30;
167120;6;08:00;5;15:30;
1000264;6;11:30;4;15:00;
167131;6;08:00;5;15:30;
168203;4;11:00;
165340;4;11:00;
168634;3;11:30;5;08:00;
165771;4;11:00;
167584;3;11:30;
167175;6;08:00;5;15:30;
1000297;6;11:30;4;15:00;
167982;3;11:30;5;08:00;
167164;0;08:00;5;15:30;6;08:00;
167573;6;08:00;5;15:30;
168656;4;11:00;
168247;4;11:00;
165384;4;11:00;
167664;4;11:00;5;08:00;
167255;6;08:00;5;15:30;
1000222;6;11:30;4;15:00;
168725;3;11:30;4;11:00;
165862;4;11:00;
167482;6;08:00;5;15:30;
167471;0;08:00;2;10:30;
167880;3;11:30;
167539;6;08:00;5;15:30;
167142;6;08:00;5;15:30;
167960;3;11:30;
167551;6;08:00;5;15:30;
165828;3;11:30;
1000343;6;11:30;4;15:00;
167619;3;11:30;
166503;4;11:00;
166912;3;11:30;
1000476;6;11:30;4;15:00;
166525;4;11:00;
166934;6;08:00;5;15:30;
166116;4;11:00;
167799;3;11:30;
166616;4;11:00;
166207;4;11:00;
168430;3;11:30;4;11:00;
168021;3;11:30;
1000005;3;11:30;
165806;4;11:00;
165817;4;11:00;
166490;4;11:00;
166081;4;11:00;
169024;4;11:00;
166570;6;08:00;5;15:30;
166161;4;11:00;
1000705;1;13:00;
1000719;1;13:00;2;08:00;3;08:00;2;14:00;
1000717;1;13:00;2;08:00;3;08:00;2;14:00;
1000716;1;13:00;2;08:00;3;08:00;2;14:00;
1000714;1;13:00;3;08:00;2;08:00;
1000713;1;13:00;2;08:00;3;08:00;2;14:00;
1000712;1;13:00;2;08:00;3;08:00;2;14:00;
1000711;2;08:00;3;08:00;
1000710;1;13:00;2;08:00;3;08:00;2;14:00;
1000699;1;13:00;2;08:00;3;08:00;2;14:00;
1000718;1;13:00;3;08:00;2;08:00;
1000695;1;13:00;3;08:00;2;08:00;
1000706;1;13:00;2;08:00;3;08:00;2;14:00;
1000703;1;13:00;2;08:00;3;08:00;2;14:00;
1000702;1;13:00;2;08:00;3;08:00;2;14:00;
760168;1;08:00;1;13:00;2;08:00;3;08:00;2;14:00;
1000704;1;13:00;2;08:00;3;08:00;2;14:00;
1000707;1;13:00;2;08:00;3;08:00;2;14:00;
1000708;1;13:00;2;08:00;3;08:00;2;14:00;
1000709;1;13:00;2;08:00;3;08:00;2;14:00;
705580;1;13:30;
1001061;2;08:00;4;10:30;2;14:30;3;12:00;
1001037;2;08:00;4;10:30;2;14:30;3;12:00;
1001060;2;08:00;4;10:30;2;14:30;3;12:00;
1001031;2;08:00;4;10:30;2;14:30;3;12:00;
1001054;2;08:00;4;10:30;2;14:30;3;12:00;
705740;2;08:00;4;10:30;2;14:30;3;12:00;
1001041;2;08:00;4;10:30;2;14:30;3;12:00;
1001033;2;08:00;4;10:30;2;14:30;3;12:00;
1001053;2;08:00;4;10:30;2;14:30;3;12:00;
1001034;2;08:00;4;10:30;2;14:30;3;12:00;
1001057;2;08:00;4;10:30;2;14:30;3;12:00;
705728;1;08:00;3;12:00;2;14:30;4;10:30;2;08:00;1;13:30;
1000018;2;08:00;4;10:30;2;14:30;3;12:00;
705751;2;08:00;4;10:30;2;14:30;3;12:00;
705739;2;08:00;4;10:30;2;14:30;3;12:00;
1001059;2;08:00;4;10:30;2;14:30;3;12:00;
1001042;2;08:00;4;10:30;2;14:30;3;12:00;
1001043;2;08:00;4;10:30;2;14:30;3;12:00;
1001044;2;08:00;4;10:30;2;14:30;3;12:00;
1001045;2;08:00;4;10:30;2;14:30;3;12:00;
1001047;2;08:00;4;10:30;2;14:30;3;12:00;
705137;1;08:00;
1001049;2;08:00;4;10:30;2;14:30;3;12:00;
1001058;2;08:00;4;10:30;2;14:30;3;12:00;
335964;0;08:00;
334110;0;08:00;1;10:30;
335408;1;11:30;
329020;1;08:00;
336730;1;10:30;3;08:00;2;08:00;
336729;2;08:00;3;08:00;
1000209;1;10:30;2;14:00;
336672;2;08:00;3;08:00;
336269;1;16:30;3;08:00;2;08:00;
335351;1;11:30;
336346;2;08:00;3;08:00;
337142;5;10:30;2;08:00;
1000139;1;10:30;
337211;1;08:00;1;13:00;2;08:00;
336338;2;08:00;
336741;1;10:30;1;16:30;3;08:00;2;08:00;
474640;1;10:30;5;10:30;
1000963;1;10:30;2;14:00;
336707;5;10:30;1;10:30;2;08:00;
1000957;1;10:30;2;14:00;
334201;1;08:00;
337186;5;10:30;2;08:00;
337380;5;10:30;
337244;1;16:30;3;08:00;
1000132;1;13:00;2;08:00;
333060;1;08:00;
336244;0;08:00;1;10:30;
337040;1;13:00;1;08:00;2;08:00;
336774;1;10:30;2;14:00;2;08:00;
336809;1;10:30;2;14:00;
337391;1;10:30;2;14:00;
337233;1;10:30;1;16:30;3;08:00;2;08:00;
1000131;2;08:00;1;08:00;
336810;1;10:30;1;16:30;3;08:00;2;08:00;
337196;5;10:30;2;08:00;
336978;1;13:00;1;08:00;2;08:00;
336627;3;08:00;2;14:00;
336336;5;10:30;2;08:00;
336785;1;10:30;1;16:30;2;14:00;2;08:00;
336215;1;10:30;3;08:00;
336752;1;10:30;2;14:00;
336956;2;08:00;1;08:00;
336558;5;10:30;2;08:00;
336967;1;16:30;2;14:00;
336503;1;16:30;2;14:00;2;08:00;
337299;1;10:30;2;14:00;
335873;0;08:00;1;10:30;
337266;1;10:30;1;16:30;3;08:00;2;08:00;
335908;5;10:30;2;08:00;
336694;1;10:30;
1000956;1;10:30;2;14:00;
336296;5;10:30;2;08:00;
336843;1;10:30;1;16:30;3;08:00;2;08:00;
335000;5;10:30;2;08:00;
336649;5;10:30;2;08:00;
336912;1;10:30;2;14:00;
336514;1;08:00;5;10:30;3;08:00;2;08:00;
336318;2;08:00;3;08:00;
337313;1;10:30;2;14:00;
335179;0;08:00;2;08:00;1;10:30;
1000123;2;08:00;1;08:00;
336255;0;08:00;2;08:00;1;10:30;
1000125;2;08:00;1;08:00;
337324;1;10:30;
1000130;1;10:30;2;14:00;
336257;0;08:00;2;08:00;1;10:30;
336456;5;10:30;2;08:00;
1000255;1;10:30;2;14:00;
1000208;1;10:30;2;14:00;
337277;1;10:30;1;16:30;3;08:00;2;08:00;
335511;0;08:00;1;10:30;
1000967;1;10:30;
337302;1;10:30;1;16:30;3;08:00;2;08:00;
336536;5;10:30;2;08:00;
336138;5;10:30;2;08:00;
336832;1;08:00;1;13:00;
336235;5;10:30;2;08:00;
337017;5;10:30;1;16:30;2;08:00;
337415;1;10:30;1;16:30;3;08:00;2;08:00;
334756;0;08:00;1;10:30;
336547;5;10:30;2;08:00;
336945;1;10:30;1;16:30;
337084;1;10:30;1;16:30;
336763;2;14:00;1;10:30;1;16:30;
334176;2;08:00;
336616;1;10:30;1;16:30;2;08:00;2;14:00;3;08:00;
336218;5;10:30;2;08:00;
335957;1;10:30;2;08:00;
336025;5;10:30;2;08:00;
333336;0;08:00;1;10:30;
336321;5;10:30;2;08:00;
336401;5;10:30;2;08:00;
336923;1;10:30;1;16:30;3;08:00;2;08:00;
336525;5;10:30;2;08:00;
336172;2;08:00;3;08:00;
336570;5;10:30;2;08:00;
336796;5;10:30;2;08:00;
336489;5;10:30;2;08:00;
336887;5;10:30;2;08:00;
336263;2;08:00;
334472;2;08:00;
334074;5;10:30;
335613;0;08:00;1;10:30;
337006;5;10:30;2;08:00;
337255;2;08:00;
332896;5;10:30;
334507;5;10:30;
333457;1;11:30;
337039;5;10:30;2;08:00;
333855;1;10:30;
890069;1;08:00;
890068;1;08:00;
1000064;3;08:00;3;14:00;5;12:30;
890077;3;08:00;3;14:00;5;12:30;
1000040;3;08:00;3;14:00;5;12:30;
1000063;3;08:00;3;14:00;5;12:30;
890075;3;08:00;3;14:00;5;12:30;
1000061;3;08:00;3;14:00;5;12:30;
1000060;3;08:00;3;14:00;5;12:30;
890070;3;08:00;3;14:00;5;12:30;
890076;3;08:00;3;14:00;5;12:30;
1000062;3;08:00;3;14:00;5;12:30;
890071;3;08:00;3;14:00;5;12:30;
890072;3;08:00;3;14:00;5;12:30;
890078;1;10:30;3;08:00;3;14:00;5;12:30;
1000058;3;08:00;3;14:00;5;12:30;
890073;3;08:00;3;14:00;5;12:30;
890079;3;08:00;3;14:00;5;12:30;
1000059;3;08:00;3;14:00;5;12:30;
1000044;3;08:00;3;14:00;5;12:30;
890074;3;08:00;3;14:00;5;12:30;
1000054;3;08:00;3;14:00;5;12:30;
890066;1;08:00;
890067;1;08:00;
609876;2;08:00;1;08:00;
609843;2;08:00;1;08:00;
609570;2;08:00;1;08:00;
609558;2;08:00;1;08:00;
609503;2;08:00;1;08:00;
609365;2;08:00;1;08:00;
609730;2;08:00;1;08:00;
609536;2;08:00;1;08:00;
1001028;1;08:00;4;08:00;1;16:30;6;10:30;
610317;1;08:00;3;08:00;2;13:30;1;14:00;
1000952;1;08:00;4;08:00;1;16:30;6;10:30;
609854;2;08:00;1;08:00;
1000764;2;11:00;1;08:00;4;08:00;1;16:30;6;10:30;
1000623;4;08:00;1;16:30;6;10:30;
1000951;1;08:00;4;08:00;1;16:30;6;10:30;
610475;1;08:00;3;08:00;2;13:30;1;14:00;
1000621;4;08:00;1;16:30;6;10:30;
1000620;2;11:00;1;08:00;4;08:00;1;16:30;6;10:30;
609956;1;10:30;
1000619;1;08:00;4;08:00;1;16:30;6;10:30;
1000248;1;08:00;4;08:00;1;16:30;6;10:30;
1000611;1;08:00;4;08:00;1;16:30;6;10:30;
610204;1;08:00;3;08:00;1;14:00;2;08:00;2;13:30;
1000249;2;11:00;1;08:00;4;08:00;1;16:30;6;10:30;
610102;3;08:00;
1001026;2;11:00;1;08:00;4;08:00;1;16:30;6;10:30;
609605;2;08:00;1;08:00;
1000612;1;08:00;4;08:00;1;16:30;6;10:30;
610282;6;10:30;
610033;1;08:00;3;08:00;2;13:30;1;14:00;
610384;1;08:00;3;08:00;2;13:30;1;14:00;
1000615;1;08:00;4;08:00;1;16:30;6;10:30;
1000633;1;08:00;4;08:00;1;16:30;6;10:30;
1000148;2;11:00;1;08:00;4;08:00;1;16:30;6;10:30;
609412;2;08:00;1;08:00;
1000613;2;11:00;1;08:00;4;08:00;1;16:30;6;10:30;
1001036;1;08:00;1;14:00;2;16:40;2;10:00;3;08:00;
609150;2;08:00;1;14:00;1;08:00;
609581;2;08:00;1;08:00;1;14:00;2;13:00;
610066;1;10:30;
1000150;2;11:00;1;08:00;4;08:00;1;16:30;6;10:30;
610113;1;10:30;
610011;1;08:00;3;08:00;2;13:30;1;14:00;
610340;1;08:00;3;08:00;2;13:30;1;14:00;
1000251;1;08:00;4;08:00;1;16:30;6;10:30;
609729;2;08:00;1;14:00;1;08:00;
1001029;1;08:00;4;08:00;1;16:30;6;10:30;
609343;2;08:00;1;14:00;1;08:00;
610022;1;08:00;3;08:00;2;13:30;1;14:00;
609672;2;08:00;1;08:00;
610351;1;08:00;3;08:00;2;13:30;1;14:00;
610259;1;08:00;3;08:00;2;13:30;1;14:00;
1000149;1;16:30;4;08:00;1;08:00;
610306;1;08:00;3;08:00;2;13:30;1;14:00;
610226;1;08:00;3;08:00;2;13:30;1;14:00;
610420;1;08:00;3;08:00;2;13:30;1;14:00;
609763;2;08:00;1;14:00;1;08:00;
609569;2;08:00;1;08:00;1;14:00;2;13:00;
609683;2;08:00;1;14:00;1;08:00;
424297;1;08:00;
424363;4;14:00;
424831;1;14:00;2;08:00;
424825;1;14:00;2;13:30;2;08:00;
424801;1;14:00;2;13:30;2;08:00;
424792;1;14:00;2;13:30;2;08:00;
424789;1;14:00;2;13:30;2;08:00;
424786;1;14:00;2;13:30;2;08:00;
424783;1;14:00;2;13:30;2;08:00;
424774;1;14:00;2;13:30;2;08:00;
424765;1;14:00;2;13:30;2;08:00;
424762;1;14:00;2;13:30;2;08:00;
424741;2;08:00;2;13:30;1;08:00;5;08:00;1;14:00;3;08:00;
424687;2;08:00;2;13:30;1;08:00;5;08:00;1;14:00;3;08:00;
424669;2;08:00;2;13:30;1;08:00;5;08:00;1;14:00;3;08:00;
424636;2;08:00;2;13:30;1;08:00;5;08:00;1;14:00;3;08:00;
424633;5;08:00;3;08:00;1;08:00;2;13:30;1;14:00;
424630;1;14:00;2;13:30;2;08:00;
424840;2;08:00;1;14:00;4;08:00;2;13:30;
424681;4;08:00;3;13:30;4;14:00;
424837;2;08:00;2;13:30;4;08:00;
424834;1;14:00;2;13:30;2;08:00;
424822;2;08:00;2;13:30;
424777;1;14:00;2;13:30;2;08:00;
424768;1;08:00;2;08:00;2;13:30;4;08:00;
424726;1;08:00;1;14:00;
1000454;3;14:00;3;08:00;
1000403;3;14:00;3;08:00;
1000448;3;14:00;3;08:00;
424735;2;08:00;2;13:30;1;08:00;5;08:00;1;14:00;3;08:00;
1001012;3;14:00;3;08:00;
1000407;3;14:00;3;08:00;
424906;2;13:30;3;08:00;3;14:00;
424903;2;13:30;3;08:00;3;14:00;
1000418;3;14:00;3;08:00;
424852;1;08:00;3;08:00;1;13:00;4;08:00;
1000414;3;14:00;3;08:00;
424594;2;08:00;2;13:30;1;08:00;5;08:00;1;14:00;3;08:00;
424885;2;13:30;3;08:00;3;14:00;
424705;3;08:00;2;13:30;3;13:30;1;08:00;2;08:00;1;14:00;
1000400;3;14:00;3;08:00;
424810;1;14:00;2;13:30;2;08:00;
1000408;3;14:00;3;08:00;
424747;1;14:00;2;13:30;2;08:00;
1000442;3;14:00;3;08:00;
424804;1;14:00;2;13:30;2;08:00;
1000402;3;14:00;3;08:00;
423669;4;08:00;4;14:00;
1001013;3;14:00;3;08:00;
424873;2;13:30;3;08:00;3;14:00;
424843;2;08:00;3;08:00;3;14:00;
424876;2;08:00;2;13:30;3;08:00;3;14:00;
424882;2;13:30;3;08:00;3;14:00;
424891;3;14:00;3;08:00;
1000395;3;14:00;3;08:00;
424894;2;08:00;2;13:30;3;08:00;3;14:00;
1000991;3;14:00;3;08:00;
1000409;3;14:00;3;08:00;
1000401;3;14:00;3;08:00;
424900;2;13:30;3;08:00;3;14:00;
423750;1;11:00;
424720;2;08:00;2;13:30;1;08:00;5;08:00;1;14:00;3;08:00;
1000415;3;14:00;3;08:00;
1000410;3;14:00;3;08:00;
1000411;3;14:00;3;08:00;
424912;2;08:00;1;08:00;3;14:00;3;08:00;2;13:30;4;08:00;1;13:00;
1000413;3;14:00;3;08:00;
424624;1;14:00;2;13:30;2;08:00;
1000416;3;14:00;3;08:00;
424819;1;14:00;2;08:00;1;08:00;2;13:30;
1000417;3;14:00;3;08:00;
1000443;3;14:00;3;08:00;
1000445;3;14:00;3;08:00;
1001015;3;14:00;3;08:00;
1000821;3;14:00;3;08:00;
1000451;3;14:00;3;08:00;
424870;2;08:00;2;13:30;3;08:00;3;14:00;
1000856;3;14:00;3;08:00;
424807;1;14:00;2;13:30;2;08:00;
1000405;3;14:00;3;08:00;
1000987;3;14:00;3;08:00;
424711;4;08:00;3;08:00;2;08:00;2;13:30;1;08:00;5;08:00;1;14:00;4;14:00;
1000406;3;14:00;3;08:00;
1000988;2;08:00;2;13:30;3;08:00;3;14:00;
424717;1;08:00;1;14:00;
1000412;3;14:00;3;08:00;
1000994;3;14:00;3;08:00;
810869;4;11:00;2;11:00;
1000504;2;11:00;1;15:00;
1000498;2;11:00;1;15:00;
1000490;2;11:00;1;15:00;
1000499;2;11:00;1;08:00;1;15:00;
1000496;2;11:00;1;08:00;1;15:00;
810908;2;11:00;1;08:00;1;15:00;
810914;2;11:00;1;15:00;
1000494;1;15:00;
810896;2;11:00;1;08:00;1;15:00;
810824;2;11:00;1;08:00;
1000482;2;11:00;1;15:00;
810821;2;11:00;1;15:00;
810911;2;11:00;1;15:00;
1000489;2;11:00;1;15:00;0;08:00;1;08:00;
810923;1;15:00;
810860;1;08:00;
810836;2;11:00;1;08:00;
1000503;2;11:00;1;08:00;1;15:00;
810905;2;11:00;1;15:00;
810899;2;11:00;1;15:00;
1000488;2;11:00;1;15:00;
810902;1;15:00;
810917;2;11:00;1;15:00;
810920;1;15:00;
1000486;2;11:00;1;15:00;
1000487;2;11:00;1;15:00;
1000985;5;08:00;3;10:35;6;13:30;5;13:00;
247938;5;08:00;3;10:35;7;08:00;6;13:30;5;13:00;
247818;5;08:00;3;10:35;7;08:00;6;13:30;5;13:00;
247722;5;08:00;3;10:35;7;08:00;6;13:30;5;13:00;
247687;5;08:00;3;10:35;7;08:00;6;13:30;5;13:00;
247680;5;08:00;3;10:35;7;08:00;6;13:30;5;13:00;
247663;5;08:00;3;10:35;7;08:00;6;13:30;5;13:00;
247659;5;08:00;3;10:35;7;08:00;6;13:30;5;13:00;
247556;5;08:00;3;10:35;7;08:00;6;13:30;5;13:00;
1000746;3;16:30;4;16:30;
1000872;3;16:30;5;15:30;2;17:00;4;16:30;5;10:00;
1000866;3;16:30;2;17:00;5;15:30;
1000863;3;16:30;5;15:30;2;17:00;4;16:30;5;10:00;
1000860;3;16:30;5;15:30;2;17:00;4;16:30;5;10:00;
1000840;5;10:00;1;15:30;4;16:30;2;17:00;2;11:00;5;15:30;3;16:30;
1000796;5;10:00;1;15:30;4;16:30;2;17:00;5;15:30;3;16:30;
1000794;3;16:30;5;15:30;2;17:00;4;16:30;5;10:00;
247815;5;08:00;3;10:35;7;08:00;6;13:30;5;13:00;
1000784;3;16:30;5;15:30;2;17:00;4;16:30;5;10:00;
1000782;3;16:30;5;15:30;2;17:00;4;16:30;5;10:00;
247809;5;08:00;3;10:35;7;08:00;6;13:30;5;13:00;
1000778;3;16:30;5;15:30;2;17:00;4;16:30;5;10:00;
247806;5;08:00;3;10:35;7;08:00;6;13:30;5;13:00;
1000775;3;16:30;5;15:30;2;17:00;4;16:30;5;10:00;
1000769;3;16:30;5;15:30;2;17:00;4;16:30;5;10:00;
1000752;3;16:30;5;15:30;2;17:00;4;16:30;5;10:00;
1000743;3;16:30;5;15:30;2;17:00;4;16:30;5;10:00;
1000740;3;16:30;5;15:30;2;17:00;4;16:30;5;10:00;
1000555;3;16:30;5;15:30;2;17:00;4;16:30;5;10:00;
247905;5;08:00;3;10:35;7;08:00;6;13:30;5;13:00;
1000874;3;16:30;5;15:30;2;17:00;4;16:30;5;10:00;
1000465;3;16:30;5;15:30;2;17:00;4;16:30;5;10:00;
1000464;3;16:30;5;15:30;2;17:00;4;16:30;5;10:00;
1000871;3;16:30;4;16:30;
1000462;3;16:30;5;15:30;2;17:00;4;16:30;5;10:00;
1000870;3;16:30;5;15:30;2;17:00;4;16:30;5;10:00;
1000461;3;16:30;5;15:30;2;17:00;4;16:30;5;10:00;
1000460;3;16:30;5;15:30;2;17:00;4;16:30;5;10:00;
1000842;3;16:30;5;15:30;2;17:00;4;16:30;5;10:00;
1000433;3;16:30;5;15:30;2;17:00;4;16:30;5;10:00;
1000841;3;16:30;5;15:30;2;17:00;4;16:30;5;10:00;
1000432;3;16:30;5;15:30;2;17:00;4;16:30;5;10:00;
1000839;3;16:30;5;15:30;2;17:00;4;16:30;5;10:00;
1000430;3;16:30;5;15:30;2;17:00;4;16:30;5;10:00;
1000837;5;10:00;4;16:30;2;17:00;2;11:00;5;15:30;3;16:30;
1000428;3;16:30;2;17:00;4;16:30;5;10:00;
247866;5;08:00;3;10:35;7;08:00;6;13:30;5;13:00;
1000835;3;16:30;5;15:30;2;17:00;4;16:30;5;10:00;
1000426;3;16:30;5;15:30;2;17:00;4;16:30;5;10:00;
1000834;3;16:30;5;15:30;2;17:00;4;16:30;5;10:00;
1000425;3;16:30;5;15:30;2;17:00;4;16:30;5;10:00;
1000421;3;16:30;2;17:00;4;16:30;5;10:00;
247797;5;08:00;3;10:35;7;08:00;6;13:30;5;13:00;
1000766;3;16:30;5;15:30;2;17:00;4;16:30;5;10:00;
1000357;3;16:30;5;15:30;2;17:00;4;16:30;5;10:00;
1000355;3;16:30;5;15:30;2;17:00;4;16:30;5;10:00;
1000352;3;16:30;5;15:30;2;17:00;4;16:30;5;10:00;
1000351;3;16:30;5;15:30;2;17:00;4;16:30;5;10:00;
1000758;3;16:30;5;15:30;2;17:00;4;16:30;5;10:00;
1000349;3;16:30;5;15:30;2;17:00;4;16:30;5;10:00;
1000757;3;16:30;5;15:30;2;17:00;4;16:30;5;10:00;
1000348;3;16:30;5;15:30;2;17:00;4;16:30;5;10:00;
1000753;3;16:30;5;15:30;2;17:00;4;16:30;5;10:00;
1000344;3;16:30;5;15:30;2;17:00;4;16:30;5;10:00;
1000250;3;16:30;5;15:30;2;17:00;4;16:30;5;10:00;
247479;1;16:45;5;08:00;
1000849;3;16:30;5;15:30;2;17:00;4;16:30;5;10:00;
1000440;3;16:30;5;15:30;2;17:00;4;16:30;5;10:00;
247471;1;16:45;5;08:00;
1000439;3;16:30;5;15:30;2;17:00;4;16:30;5;10:00;
247470;1;16:45;5;08:00;
1000845;3;16:30;5;15:30;2;17:00;4;16:30;5;10:00;
1000436;3;16:30;5;15:30;2;17:00;4;16:30;5;10:00;
247467;1;16:45;5;08:00;
1000843;3;16:30;5;15:30;2;17:00;4;16:30;5;10:00;
1000434;3;16:30;5;15:30;2;17:00;4;16:30;5;10:00;
247465;1;16:45;5;08:00;
1000424;3;16:30;5;15:30;2;17:00;4;16:30;5;10:00;
247455;1;16:45;5;08:00;
1000419;3;16:30;5;15:30;2;17:00;4;16:30;5;10:00;
247450;5;08:00;
247446;5;08:00;
247435;1;16:45;5;08:00;
1000790;3;16:30;5;15:30;2;17:00;4;16:30;5;10:00;
247412;1;16:45;5;08:00;
1000789;3;16:30;5;15:30;2;17:00;4;16:30;5;10:00;
247411;1;16:45;5;08:00;
247480;5;08:00;3;15:00;
247477;5;08:00;3;15:00;
1000846;3;16:30;5;15:30;2;17:00;4;16:30;5;10:00;
1000437;3;16:30;5;15:30;2;17:00;4;16:30;5;10:00;
247468;5;08:00;3;15:00;
247875;5;08:00;3;10:35;7;08:00;6;13:30;5;13:00;
1000435;3;16:30;5;15:30;2;17:00;4;16:30;5;10:00;
247466;5;08:00;3;15:00;
1000422;3;16:30;5;15:30;2;17:00;4;16:30;5;10:00;
247453;1;15:00;3;15:00;5;08:00;
247443;5;08:00;3;15:00;
247845;5;08:00;3;10:35;7;08:00;6;13:30;5;13:00;
247436;5;08:00;3;15:00;
1000798;3;16:30;5;15:30;2;17:00;4;16:30;5;10:00;
247420;5;08:00;3;15:00;
247417;5;08:00;3;15:00;
247402;5;08:00;3;15:00;
1000358;3;16:30;5;15:30;2;17:00;4;16:30;5;10:00;
247389;5;08:00;3;15:00;
247356;5;08:00;3;15:00;
247395;3;15:00;2;15:00;
247220;5;08:00;3;15:00;5;14:00;2;15:00;
247546;2;15:00;3;10:00;5;14:00;
247545;1;16:30;4;13:30;2;15:00;3;10:00;5;14:00;
247533;1;16:30;4;13:30;2;15:00;3;10:00;5;14:00;
247526;2;15:00;3;10:00;5;14:00;
247524;1;16:30;4;13:30;2;15:00;3;10:00;5;14:00;
247520;2;15:00;3;10:00;5;14:00;
247518;2;15:00;3;10:00;5;14:00;
247516;2;15:00;3;10:00;5;14:00;
247513;2;15:00;3;10:00;5;14:00;
247672;5;08:00;7;13:30;2;15:30;1;11:00;6;13:30;4;13:30;4;08:00;
1000851;3;16:30;5;15:30;2;17:00;4;16:30;5;10:00;
247473;2;15:00;3;10:00;5;14:00;
248061;4;14:00;8;08:00;4;08:00;7;14:00;3;16:00;5;08:00;
248049;4;14:00;8;08:00;4;08:00;7;14:00;3;16:00;5;08:00;
247968;4;08:00;
1000749;3;16:30;5;15:30;2;17:00;4;16:30;5;10:00;
247371;1;16:30;4;13:30;2;15:00;3;10:00;5;14:00;
247923;7;14:00;4;08:00;
247511;5;08:00;6;13:30;5;13:00;
247920;7;14:00;4;08:00;8;08:00;
247803;3;16:00;4;08:00;7;14:00;
248067;4;14:00;8;08:00;4;08:00;7;14:00;3;16:00;5;08:00;
247669;5;08:00;4;08:00;6;08:00;1;11:00;7;08:00;3;16:05;5;13:00;
1000745;3;16:30;5;15:30;2;17:00;4;16:30;5;10:00;
247776;7;14:00;4;08:00;
248025;4;14:00;8;08:00;4;08:00;7;14:00;3;16:00;5;08:00;
247734;4;08:00;
248136;5;08:00;4;08:00;8;08:00;2;16:30;7;14:00;3;16:00;
247636;4;08:00;
248199;2;11:00;6;08:00;2;16:30;
248178;5;08:00;4;08:00;8;08:00;4;14:00;6;08:00;7;14:00;3;16:00;
1000550;3;16:30;5;15:30;2;17:00;4;16:30;5;10:00;
247581;4;08:00;1;11:00;2;15:30;
248163;4;08:00;6;08:00;2;11:00;
247566;5;08:00;7;13:30;4;13:30;1;11:00;6;13:30;3;08:00;2;15:30;4;08:00;
248142;3;16:00;5;08:00;6;08:00;8;08:00;4;08:00;
247755;5;08:00;5;13:00;3;10:35;7;08:00;
247346;1;11:00;5;14:00;2;15:00;4;13:30;3;10:00;1;16:30;
248127;5;08:00;3;16:00;4;14:00;2;11:00;6;08:00;4;08:00;8;08:00;7;14:00;
247585;2;15:30;
248403;5;08:00;4;08:00;8;08:00;6;08:00;7;14:00;3;16:00;
1000786;3;16:30;5;15:30;2;17:00;4;16:30;5;10:00;
247408;2;15:00;3;10:00;5;14:00;
248112;4;08:00;6;08:00;2;11:00;
248100;5;08:00;6;13:30;7;08:00;3;10:35;6;08:00;5;13:00;
247503;2;15:00;3;10:00;5;14:00;
247749;5;08:00;4;08:00;7;14:00;
248040;3;16:00;7;14:00;6;08:00;4;08:00;
247716;7;14:00;6;08:00;8;08:00;4;08:00;
247517;5;13:00;3;16:05;3;08:00;2;08:00;
247959;7;14:00;4;08:00;
247561;4;08:00;1;11:00;2;15:30;
247668;5;08:00;3;08:00;6;08:00;3;16:05;6;13:30;4;13:30;5;13:00;
248151;4;08:00;5;08:00;6;08:00;3;16:00;2;11:00;
247666;5;08:00;4;13:30;1;11:00;6;13:30;2;15:30;6;08:00;4;08:00;
248145;8;08:00;4;14:00;6;08:00;5;08:00;7;14:00;3;16:00;
247508;1;16:30;4;13:30;2;15:00;3;10:00;5;14:00;
247917;5;13:00;6;08:00;3;10:35;7;08:00;6;13:30;
247728;4;14:00;7;14:00;6;08:00;8;08:00;4;08:00;
1000429;3;16:30;5;15:30;2;17:00;4;16:30;5;10:00;
247869;3;16:00;7;14:00;6;08:00;8;08:00;4;08:00;
247261;5;08:00;
247670;5;08:00;7;13:30;2;15:30;1;11:00;6;13:30;4;13:30;4;08:00;
248010;4;14:00;3;16:00;5;08:00;6;08:00;4;08:00;
1000751;3;16:30;5;15:30;2;17:00;4;16:30;5;10:00;
247782;7;14:00;4;08:00;
247992;4;14:00;8;08:00;4;08:00;7;14:00;3;16:00;5;08:00;
247583;7;14:00;6;08:00;8;08:00;4;08:00;
248406;5;08:00;4;13:30;5;13:00;4;08:00;6;08:00;1;11:00;6;13:30;
247588;6;08:00;3;10:35;7;08:00;6;13:30;
1000955;3;16:30;5;15:30;2;17:00;4;16:30;5;10:00;
247986;8;08:00;4;08:00;2;11:00;6;08:00;2;16:30;
247764;4;14:00;1;13:30;5;08:00;6;08:00;
247998;4;14:00;8;08:00;4;08:00;7;14:00;3;16:00;5;08:00;
1000779;3;16:30;5;15:30;2;17:00;4;16:30;5;10:00;
247401;2;15:00;3;10:00;5;14:00;
247707;7;14:00;6;08:00;4;08:00;
247591;5;08:00;7;13:30;4;13:30;1;11:00;7;08:00;6;13:30;2;15:30;4;08:00;
1000868;3;16:30;5;15:30;2;17:00;4;16:30;5;10:00;
247899;7;14:00;4;08:00;
1000750;3;16:30;5;15:30;2;17:00;4;16:30;5;10:00;
248190;2;11:00;1;13:30;2;16:30;6;08:00;
247593;2;15:30;1;11:00;3;08:00;4;08:00;5;13:00;
1000742;5;15:30;2;17:00;4;16:30;5;10:00;
247773;4;08:00;
247983;4;14:00;8;08:00;4;08:00;7;14:00;3;16:00;5;08:00;
247574;5;08:00;7;13:30;4;13:30;1;11:00;7;08:00;6;13:30;2;15:30;4;08:00;
247579;7;13:30;2;08:00;1;11:00;2;15:30;6;08:00;4;08:00;
248133;4;14:00;2;11:00;1;13:30;2;16:30;6;08:00;
1000832;3;16:30;5;15:30;2;17:00;4;16:30;5;10:00;
1000423;3;16:30;5;15:30;2;17:00;4;16:30;5;10:00;
247863;7;14:00;8;08:00;
248073;2;11:00;1;13:30;2;16:30;6;08:00;
247664;5;08:00;3;08:00;6;08:00;6;13:30;3;16:05;7;08:00;5;13:00;
247336;5;08:00;3;10:00;3;15:00;
248154;8;08:00;2;11:00;1;13:30;6;08:00;
247557;5;08:00;7;13:30;2;15:30;1;11:00;6;13:30;4;13:30;4;08:00;
247854;7;14:00;6;08:00;8;08:00;4;08:00;
247684;4;08:00;
1000847;3;16:30;5;15:30;2;17:00;4;16:30;5;10:00;
1000438;3;16:30;5;15:30;2;17:00;4;16:30;5;10:00;
247878;7;14:00;6;08:00;8;08:00;
247424;5;08:00;
247833;5;08:00;4;08:00;8;08:00;
248124;2;11:00;1;13:30;2;16:30;6;08:00;
248166;4;08:00;8;08:00;4;14:00;6;08:00;5;08:00;3;16:00;
1000983;5;08:00;3;16:00;7;14:00;8;08:00;1;13:30;4;14:00;6;08:00;2;16:30;2;11:00;4;08:00;
247989;4;14:00;3;16:00;6;08:00;4;08:00;
1000549;3;16:00;7;14:00;8;08:00;1;13:30;4;14:00;6;08:00;2;16:30;2;11:00;4;08:00;
248130;4;08:00;2;11:00;6;08:00;2;16:30;
247334;1;16:30;2;15:00;3;10:00;5;14:00;
1000756;3;16:30;5;15:30;2;17:00;4;16:30;5;10:00;
1000347;3;16:30;5;15:30;2;17:00;4;16:30;5;10:00;
248196;2;11:00;1;13:30;6;08:00;
247740;5;13:00;6;08:00;3;10:35;7;08:00;6;13:30;
1000850;3;16:30;5;15:30;2;17:00;4;16:30;5;10:00;
1000441;3;16:30;5;15:30;2;17:00;4;16:30;5;10:00;
247881;7;14:00;5;08:00;6;08:00;8;08:00;
247682;5;08:00;1;11:00;6;13:30;4;13:30;5;13:00;4;08:00;
248022;8;08:00;4;08:00;2;11:00;6;08:00;2;16:30;
247624;4;08:00;
248037;3;16:00;1;13:30;6;08:00;2;11:00;4;08:00;8;08:00;
247746;3;10:35;6;08:00;7;14:00;6;13:30;7;08:00;5;13:00;
248043;5;08:00;4;08:00;8;08:00;4;14:00;6;08:00;7;14:00;3;16:00;
247752;5;08:00;3;10:35;6;08:00;7;14:00;6;13:30;7;08:00;5;13:00;
247354;1;11:00;5;14:00;2;15:00;4;13:30;3;10:00;1;16:30;
248097;5;08:00;3;10:35;7;08:00;6;13:30;5;13:00;
247688;5;08:00;6;13:30;7;08:00;3;10:35;6;08:00;5;13:00;
247887;5;08:00;4;14:00;3;10:35;7;08:00;6;13:30;
1000345;3;16:30;5;15:30;2;17:00;4;16:30;5;10:00;
247376;5;08:00;3;15:00;
247785;5;08:00;3;10:35;6;08:00;7;14:00;6;13:30;7;08:00;5;13:00;
247676;5;08:00;3;16:00;7;14:00;4;08:00;8;08:00;
248085;3;16:00;7;14:00;4;08:00;8;08:00;
248106;4;14:00;8;08:00;4;08:00;7;14:00;3;16:00;5;08:00;
247697;4;08:00;
1000876;5;15:30;2;17:00;4;16:30;5;10:00;
247498;4;08:00;
1000763;3;16:30;5;15:30;2;17:00;4;16:30;5;10:00;
1000354;3;16:30;2;17:00;4;16:30;5;10:00;
247794;7;14:00;6;08:00;8;08:00;4;08:00;
248121;4;08:00;2;11:00;6;08:00;2;16:30;
247830;5;08:00;6;08:00;4;08:00;
247971;7;14:00;5;08:00;6;08:00;8;08:00;4;08:00;
247839;7;14:00;6;08:00;8;08:00;4;08:00;
247980;5;08:00;4;08:00;8;08:00;4;14:00;6;08:00;7;14:00;3;16:00;
247582;4;08:00;1;11:00;7;13:30;2;15:30;
248181;4;14:00;8;08:00;4;08:00;7;14:00;3;16:00;5;08:00;
247890;5;13:00;6;08:00;3;10:35;7;08:00;6;13:30;
247911;5;08:00;6;08:00;3;16:00;
247314;5;08:00;3;15:00;3;10:00;5;14:00;
247535;7;13:30;1;11:00;7;08:00;6;13:30;2;15:30;4;08:00;
247944;5;08:00;6;13:30;7;08:00;3;10:35;6;08:00;5;13:00;
247347;5;08:00;3;10:00;3;15:00;
247547;5;08:00;3;15:00;
247956;6;13:30;5;08:00;6;08:00;7;14:00;
247962;7;14:00;6;08:00;8;08:00;4;08:00;
247564;5;08:00;7;13:30;2;15:30;1;11:00;6;13:30;4;13:30;4;08:00;
247713;4;08:00;6;08:00;
248004;4;14:00;3;16:00;6;08:00;8;08:00;
1000984;5;08:00;4;08:00;2;15:30;1;11:00;3;08:00;6;13:30;7;08:00;3;16:05;4;13:30;2;08:00;5;13:00;
247606;5;08:00;7;13:30;4;13:30;1;11:00;7;08:00;6;13:30;2;15:30;4;08:00;
247893;8;08:00;
247694;5;08:00;7;13:30;2;15:30;1;11:00;6;13:30;4;13:30;4;08:00;
248019;4;14:00;5;08:00;3;16:00;8;08:00;7;14:00;
247212;1;11:00;5;14:00;2;15:00;4;13:30;3;10:00;1;16:30;
247621;5;08:00;7;13:30;2;15:30;1;11:00;6;13:30;4;13:30;4;08:00;
247422;2;15:00;3;10:00;5;14:00;
1000762;3;16:30;5;15:30;2;17:00;4;16:30;5;10:00;
1000353;3;16:30;2;17:00;4;16:30;5;10:00;
248202;1;16:00;5;08:00;3;10:35;7;08:00;8;08:00;1;11:00;4;14:00;5;13:00;7;14:00;6;13:30;
247686;5;08:00;7;08:00;3;10:35;6;13:30;7;14:00;5;13:00;
247719;5;08:00;4;14:00;7;14:00;6;13:30;7;08:00;3;10:35;
1000748;3;16:30;4;16:30;2;17:00;5;15:30;
247779;5;08:00;7;08:00;3;10:35;6;13:30;7;14:00;5;13:00;
247812;5;08:00;7;08:00;3;10:35;6;13:30;7;14:00;5;13:00;
247851;5;08:00;7;08:00;3;10:35;6;13:30;7;14:00;5;13:00;
247448;5;08:00;3;15:00;
247857;5;08:00;7;08:00;3;10:35;6;13:30;7;14:00;5;13:00;
1000420;5;15:30;2;17:00;4;16:30;5;10:00;
247860;5;08:00;7;08:00;3;10:35;6;13:30;7;14:00;5;13:00;
248070;3;16:00;4;08:00;7;14:00;
247661;5;08:00;7;13:30;1;11:00;4;13:30;3;08:00;2;15:30;4;08:00;
1000853;2;17:00;
247475;5;08:00;3;15:00;
247884;1;11:00;5;08:00;7;08:00;3;10:35;6;13:30;7;14:00;5;13:00;
247914;5;08:00;7;08:00;3;10:35;6;13:30;7;14:00;5;13:00;
248094;5;13:00;7;14:00;3;10:35;7;08:00;6;13:30;
1000466;3;16:30;2;17:00;4;16:30;5;10:00;
247497;7;13:30;1;11:00;4;13:30;
247896;5;08:00;4;14:00;6;13:30;
1000047;4;15:30;1;16:00;5;08:00;3;16:00;3;10:00;
1000427;3;16:30;5;15:30;2;17:00;4;16:30;5;10:00;
247458;5;08:00;1;11:00;7;08:00;6;13:30;3;08:00;4;13:30;5;13:00;
247237;5;08:00;2;15:00;
248055;5;08:00;7;13:30;4;13:30;5;13:00;4;08:00;1;11:00;3;16:05;6;13:30;
247534;7;13:30;3;08:00;4;08:00;
247615;5;08:00;4;13:30;3;08:00;7;08:00;3;16:05;2;15:30;
247650;4;08:00;3;08:00;
247439;5;08:00;3;15:00;
247848;4;13:30;4;08:00;1;11:00;3;08:00;7;08:00;3;16:05;2;15:30;
248058;5;08:00;7;13:30;4;13:30;1;11:00;6;13:30;3;08:00;2;15:30;4;08:00;
248169;5;08:00;7;13:30;6;13:30;4;13:30;5;13:00;4;08:00;3;08:00;1;11:00;2;15:30;
1000986;5;08:00;7;13:30;7;08:00;3;08:00;2;08:00;4;13:30;5;13:00;
247357;5;08:00;3;15:00;
248175;4;08:00;3;08:00;2;15:30;
247638;5;08:00;7;13:30;1;11:00;4;13:30;2;08:00;6;13:30;2;15:30;4;08:00;
247836;5;08:00;5;13:00;3;10:35;7;08:00;
247427;1;11:00;7;08:00;
247538;5;08:00;7;13:30;4;08:00;6;13:30;3;16:05;7;08:00;1;11:00;4;13:30;5;13:00;2;15:30;
248157;4;14:00;3;16:00;5;08:00;2;16:30;4;08:00;
247339;4;13:30;5;14:00;2;15:00;4;08:00;3;10:00;1;16:30;
247537;7;13:30;1;11:00;3;16:05;5;13:00;
247674;5;08:00;7;13:30;1;11:00;6;13:30;4;13:30;5;13:00;4;08:00;
247761;5;08:00;7;14:00;4;08:00;8;08:00;
247352;2;15:30;1;11:00;
247447;4;13:30;1;11:00;5;14:00;2;15:00;3;10:00;1;16:30;
247932;5;08:00;3;10:35;7;08:00;6;13:30;5;13:00;
247523;5;08:00;7;13:30;2;15:30;1;11:00;6;13:30;4;13:30;4;08:00;
247563;5;08:00;7;13:30;2;15:30;1;11:00;6;13:30;4;13:30;4;08:00;
247567;5;08:00;7;13:30;2;15:30;1;11:00;6;13:30;4;13:30;4;08:00;
248001;4;14:00;8;08:00;4;08:00;7;14:00;3;16:00;5;08:00;
247592;1;11:00;
247597;5;08:00;7;13:30;6;13:30;1;11:00;4;08:00;
247618;4;08:00;1;11:00;7;13:30;2;15:30;
248034;3;16:00;2;11:00;2;16:30;4;08:00;8;08:00;7;14:00;
247625;5;08:00;7;13:30;2;15:30;1;11:00;6;13:30;4;13:30;4;08:00;
247426;1;16:30;4;13:30;2;15:00;3;10:00;5;14:00;
247648;5;08:00;7;13:30;2;15:30;1;11:00;6;13:30;4;13:30;4;08:00;
247244;5;08:00;3;15:00;
247653;5;08:00;7;13:30;2;15:30;1;11:00;6;13:30;4;13:30;4;08:00;
247662;5;08:00;7;13:30;2;15:30;1;11:00;6;13:30;4;13:30;4;08:00;
248082;7;13:30;2;15:30;1;11:00;6;13:30;4;13:30;4;08:00;
247673;5;08:00;7;13:30;2;15:30;1;11:00;6;13:30;4;13:30;4;08:00;
247677;5;08:00;7;13:30;2;15:30;1;11:00;6;13:30;4;13:30;4;08:00;
247692;5;08:00;7;13:30;2;15:30;1;11:00;6;13:30;4;13:30;4;08:00;
247695;5;08:00;7;13:30;2;15:30;1;11:00;6;13:30;4;13:30;4;08:00;
248292;1;11:00;
247701;7;13:30;2;15:30;1;11:00;6;13:30;4;13:30;4;08:00;
247704;5;08:00;7;13:30;2;15:30;1;11:00;6;13:30;4;13:30;4;08:00;
248052;5;08:00;7;13:30;2;15:30;1;11:00;6;13:30;4;13:30;4;08:00;
247679;5;08:00;7;13:30;6;13:30;4;13:30;5;13:00;4;08:00;3;08:00;1;11:00;2;15:30;
248088;3;15:00;4;13:30;1;11:00;1;16:30;5;08:00;3;10:00;5;14:00;2;15:00;
248187;5;08:00;7;14:00;2;11:00;4;08:00;
247369;2;15:30;
248031;5;08:00;4;08:00;8;08:00;4;14:00;6;08:00;7;14:00;3;16:00;
247213;1;11:00;5;14:00;2;15:00;4;13:30;3;10:00;1;16:30;
247627;5;08:00;7;13:30;4;13:30;1;11:00;7;08:00;6;13:30;2;15:30;4;08:00;
247218;2;15:00;3;10:00;5;14:00;
247377;1;16:30;4;13:30;2;15:00;3;10:00;5;14:00;
247438;1;16:30;4;13:30;2;15:00;3;10:00;5;14:00;
1000877;3;16:30;5;15:30;2;17:00;4;16:30;5;10:00;
247499;2;15:00;3;10:00;5;14:00;
247506;2;15:00;3;10:00;5;14:00;
247507;1;16:30;4;13:30;2;15:00;3;10:00;5;14:00;
831795;0;08:00;
831762;0;08:00;
1000481;2;11:00;
1000087;2;11:00;
831780;2;11:00;
831789;6;08:00;
831753;6;08:00;
831684;6;08:00;
831672;6;08:00;
831810;2;11:00;
831669;6;08:00;
831804;0;08:00;
831663;6;08:00;
831660;6;08:00;
831768;6;08:00;
831627;1;10:30;
831642;1;10:30;
831711;0;08:00;6;08:00;
831666;0;08:00;6;08:00;
831735;6;08:00;
1000081;2;11:00;
831633;1;10:30;
831702;6;08:00;
831579;6;08:00;
831717;6;08:00;
831687;6;08:00;
831690;6;08:00;
831693;6;08:00;
1000194;0;08:00;
831699;6;08:00;
831708;6;08:00;
1000004;3;11:30;6;08:00;
831744;6;08:00;
831747;6;08:00;
1000198;2;11:00;
831750;6;08:00;
355955;1;08:00;1;14:00;
355495;1;14:00;
357248;1;14:00;2;08:00;
356536;1;14:00;2;08:00;
356511;1;14:00;2;08:00;
356421;1;14:00;2;08:00;
355531;1;08:00;2;08:00;1;14:00;
356749;2;13:00;1;14:00;2;08:00;
356396;3;08:00;1;14:00;2;08:00;
353773;2;13:00;
357753;2;13:00;4;16:00;3;08:00;3;13:00;
357742;2;13:00;4;16:00;3;08:00;3;13:00;
357719;2;13:00;4;16:00;3;08:00;3;13:00;
357662;2;13:00;4;16:00;3;08:00;3;13:00;
357628;2;13:00;4;16:00;3;08:00;3;13:00;
357173;1;08:00;2;13:00;2;08:00;
355382;3;13:00;
357571;2;13:00;4;16:00;3;08:00;3;13:00;
355359;1;14:00;2;08:00;
357946;2;13:00;4;16:00;3;08:00;3;13:00;
357548;2;13:00;4;16:00;3;08:00;3;13:00;
357515;2;13:00;4;16:00;3;08:00;3;13:00;
357480;2;13:00;4;16:00;3;08:00;3;13:00;
357877;2;13:00;4;16:00;3;08:00;3;13:00;
357479;2;13:00;4;16:00;3;08:00;3;13:00;
357833;2;13:00;4;16:00;3;13:00;
357435;2;13:00;4;16:00;3;08:00;3;13:00;
357399;2;13:00;4;16:00;3;08:00;3;13:00;
357162;2;13:00;
357361;2;13:00;4;16:00;3;08:00;3;13:00;
357306;2;13:00;4;16:00;3;08:00;3;13:00;
357291;1;14:00;4;16:00;3;08:00;
357284;2;13:00;4;16:00;3;08:00;3;13:00;
357297;2;13:00;4;08:00;4;16:00;3;13:00;
356501;2;13:00;4;16:00;3;08:00;3;13:00;
357731;2;13:00;4;16:00;3;08:00;3;13:00;
355940;1;14:00;2;08:00;4;16:00;2;13:00;
358121;3;08:00;5;08:00;
357968;2;13:00;3;08:00;3;13:00;5;08:00;4;16:00;
357327;4;08:00;3;13:00;2;13:00;
357924;3;08:00;5;08:00;
1001017;2;08:00;3;08:00;2;13:00;
2000002;1;14:30;
1000823;2;13:00;3;08:00;
1000977;2;08:00;3;08:00;2;13:00;
357275;1;14:00;2;08:00;4;16:00;3;08:00;
357673;2;13:00;3;08:00;1;13:30;3;13:00;
358449;1;08:00;1;13:30;
1000826;1;08:00;2;08:00;3;08:00;2;13:00;
358201;3;08:00;1;08:00;5;08:00;
1000334;2;08:00;3;08:00;2;13:00;
357251;2;13:00;4;16:00;3;08:00;3;13:00;
1000817;2;13:00;3;08:00;
355702;1;14:00;
358289;1;08:00;1;13:30;
356692;1;08:00;3;13:00;1;14:00;2;08:00;
358483;3;08:00;1;13:30;1;08:00;
356852;4;16:00;
1000816;2;08:00;3;08:00;2;13:00;
1000806;2;08:00;3;08:00;2;13:00;
1000335;2;13:00;3;08:00;
1000804;2;08:00;3;08:00;2;13:00;
357957;2;13:00;4;16:00;1;14:30;3;08:00;3;13:00;
1000329;2;08:00;3;08:00;2;13:00;
358381;1;13:30;5;08:00;1;08:00;
1000325;2;08:00;3;08:00;2;13:00;
1000151;2;08:00;3;08:00;2;13:00;
1000179;2;08:00;3;08:00;2;13:00;
358029;2;13:00;4;16:00;3;08:00;3;13:00;
358427;3;08:00;1;08:00;2;13:00;1;13:30;
358303;3;08:00;2;08:00;1;08:00;
1000154;2;13:00;3;08:00;
358041;4;16:00;3;08:00;3;13:00;
1000811;2;13:00;3;08:00;
1000337;2;08:00;3;08:00;2;13:00;
2000001;1;14:30;
1000822;2;13:00;
356432;1;14:00;2;08:00;
358223;2;13:00;3;08:00;
356409;1;08:00;4;16:00;2;08:00;
358392;1;08:00;
1000167;2;13:00;3;08:00;
356987;2;13:00;
1000155;2;13:00;3;08:00;
357844;2;13:00;4;16:00;3;08:00;3;13:00;
357048;1;08:00;4;16:00;
357446;2;13:00;3;13:00;1;13:30;5;08:00;
358416;3;08:00;1;13:30;1;08:00;
358347;1;08:00;
357139;2;13:00;4;16:00;3;08:00;3;13:00;
357935;1;08:00;2;13:00;
357606;2;08:00;3;08:00;2;13:00;
358198;1;08:00;
357800;1;13:30;
1000815;2;08:00;3;08:00;2;13:00;
357302;1;14:00;2;08:00;
356307;1;14:00;4;08:00;
356705;3;13:00;
357899;3;08:00;1;08:00;5;08:00;
1000157;2;08:00;3;08:00;2;13:00;
356614;1;14:00;2;08:00;3;13:00;3;08:00;
358007;3;13:00;2;08:00;4;16:00;
358405;1;08:00;
357593;2;13:00;4;16:00;3;08:00;3;13:00;
357991;3;08:00;1;08:00;5;08:00;
1000164;2;08:00;3;08:00;2;13:00;
358541;1;08:00;3;08:00;
358143;1;08:00;3;08:00;2;08:00;
357639;2;13:00;4;16:00;3;08:00;3;13:00;
356047;2;13:00;4;16:00;3;08:00;3;13:00;
1000807;2;08:00;3;08:00;2;13:00;
1000210;2;08:00;3;08:00;2;13:00;
1000165;2;08:00;3;08:00;2;13:00;
1000212;2;08:00;3;08:00;2;13:00;
1000825;1;08:00;2;08:00;3;08:00;2;13:00;
357855;2;13:00;4;16:00;3;08:00;3;13:00;
357059;3;13:00;4;16:00;
357457;1;08:00;2;08:00;3;08:00;2;13:00;
1000824;2;08:00;3;08:00;2;13:00;
357811;2;13:00;3;08:00;3;13:00;1;13:30;4;16:00;
357651;2;13:00;4;16:00;3;08:00;3;13:00;
1000819;2;13:00;3;08:00;5;08:00;2;08:00;1;13:30;1;08:00;
1001018;2;13:00;3;08:00;1;08:00;4;16:00;
356998;2;13:00;1;14:00;
1000166;2;08:00;3;08:00;2;13:00;
356647;1;14:00;2;08:00;
1000213;2;13:00;3;08:00;
358063;2;13:00;4;16:00;3;08:00;3;13:00;
358461;1;08:00;2;08:00;
358290;1;13:30;2;13:00;
1000332;2;08:00;3;08:00;2;13:00;
358358;2;13:00;
358529;5;08:00;1;08:00;2;13:00;1;13:30;2;08:00;
356761;1;08:00;
1000327;2;13:00;3;08:00;
358154;1;08:00;2;08:00;1;13:30;
356783;1;14:00;2;08:00;
358176;1;08:00;2;08:00;
358370;2;08:00;5;08:00;1;08:00;
356443;3;13:00;1;14:00;2;08:00;
1000805;2;08:00;3;08:00;2;13:00;
358234;1;08:00;2;08:00;1;13:30;
358325;2;08:00;5;08:00;1;08:00;
1000808;2;13:00;3;08:00;
357640;3;08:00;5;08:00;1;08:00;
1000211;2;08:00;3;08:00;2;13:00;
357242;2;13:00;3;08:00;1;13:30;3;13:00;
357468;1;13:30;
357866;3;08:00;1;13:30;
1000152;2;08:00;3;08:00;2;13:00;
357979;3;08:00;1;13:30;
1000153;2;08:00;3;08:00;2;13:00;
357582;5;08:00;
357980;3;08:00;1;13:30;
357388;3;08:00;1;13:30;5;08:00;
357786;1;08:00;
356921;2;13:00;3;13:00;1;14:00;
356523;4;16:00;
358314;1;08:00;1;13:30;
356545;1;14:00;2;08:00;
358336;3;08:00;1;13:30;1;08:00;
358132;2;08:00;3;08:00;
358530;5;08:00;1;08:00;
357300;1;14:00;2;08:00;
358096;3;08:00;1;13:30;5;08:00;
358494;3;08:00;1;13:30;5;08:00;1;08:00;
356716;1;14:00;2;08:00;
356318;1;14:00;2;08:00;
358109;5;08:00;1;13:30;
358507;3;08:00;1;13:30;1;08:00;
358165;3;08:00;1;13:30;5;08:00;1;08:00;
358563;3;08:00;1;13:30;1;08:00;
358369;1;08:00;
356727;1;14:00;2;08:00;
356329;1;14:00;2;08:00;
358518;1;08:00;
357377;2;13:00;4;16:00;3;08:00;3;13:00;
357775;2;13:00;3;08:00;3;13:00;5;08:00;4;16:00;
754703;3;10:30;1;08:00;4;11:00;
1000691;1;08:00;4;11:00;6;15:30;3;10:30;
754645;3;10:30;
1000690;1;08:00;4;11:00;6;15:30;3;10:30;
1000688;1;08:00;4;11:00;6;15:30;3;10:30;
1000687;1;08:00;4;11:00;6;15:30;3;10:30;
1000686;1;08:00;4;11:00;6;15:30;3;10:30;
1000685;1;08:00;4;11:00;6;15:30;3;10:30;
1000684;1;08:00;4;11:00;6;15:30;3;10:30;
1000683;6;15:30;
1000681;6;15:30;
1000680;4;11:00;6;15:30;3;10:30;
1000682;1;08:00;4;11:00;6;15:30;3;10:30;
754872;1;08:00;4;11:00;6;15:30;3;10:30;
1000689;1;08:00;4;11:00;6;15:30;3;10:30;
754550;1;08:00;4;11:00;6;15:30;3;10:30;
754849;1;08:00;4;11:00;6;15:30;3;10:30;
754883;6;15:30;
1000676;1;08:00;4;11:00;6;15:30;3;10:30;
754725;6;15:30;1;13:30;2;10:30;
754634;1;08:00;6;15:30;1;13:30;2;10:30;
754714;6;15:30;
754667;2;10:30;
1000017;1;08:00;4;11:00;6;15:30;3;10:30;
1000675;6;15:30;
754838;1;08:00;4;11:00;6;15:30;3;10:30;
754805;1;08:00;6;15:30;3;10:30;
1000662;1;08:00;4;11:00;6;15:30;3;10:30;
1000014;1;08:00;4;11:00;6;15:30;3;10:30;
754816;1;08:00;1;13:30;6;15:30;2;10:30;3;10:30;4;11:00;
1000015;1;08:00;4;11:00;6;15:30;3;10:30;
1000660;1;08:00;4;11:00;6;15:30;3;10:30;
1000016;1;08:00;4;11:00;6;15:30;3;10:30;
1000674;1;08:00;4;11:00;6;15:30;3;10:30;
1000677;1;08:00;4;11:00;6;15:30;3;10:30;
1000678;1;08:00;4;11:00;6;15:30;3;10:30;
1000812;1;14:30;1;08:00;
451381;1;14:30;1;08:00;
451278;1;08:00;
451289;1;08:00;
451369;1;14:30;1;08:00;
451347;1;14:30;1;08:00;
451314;1;14:30;1;08:00;
451336;1;14:30;1;08:00;
781202;5;08:00;
781343;5;08:00;1;13:30;
781934;1;08:00;2;08:00;7;08:00;1;15:00;
782114;7;08:00;6;14:00;
782048;7;08:00;6;14:00;
781451;2;14:00;5;08:00;2;08:00;1;13:30;
781958;7;08:00;6;14:00;
781937;7;08:00;6;14:00;
782138;6;14:00;6;08:00;
782132;7;08:00;6;08:00;6;14:00;
781499;5;08:00;2;08:00;1;13:30;
781562;1;15:00;1;08:00;2;08:00;
782159;4;11:00;1;14:00;5;10:00;1;08:00;
782144;7;08:00;6;08:00;6;14:00;
781853;4;11:00;
782147;7;08:00;5;10:00;6;08:00;
782129;7;08:00;5;10:00;6;14:00;4;11:00;
782009;7;08:00;5;10:00;6;14:00;4;11:00;
1000909;4;11:00;5;10:00;1;08:00;1;14:00;5;16:00;
781994;7;08:00;6;08:00;5;10:00;6;14:00;4;11:00;
1000916;4;11:00;1;08:00;5;10:00;
781817;1;08:00;
782186;6;08:00;1;08:00;
781589;1;08:00;2;14:00;2;08:00;3;08:00;4;08:00;
782117;7;08:00;1;08:00;5;10:00;
782051;7;08:00;6;08:00;1;08:00;6;14:00;4;11:00;
782006;7;08:00;6;14:00;1;08:00;6;08:00;
1000906;4;11:00;5;10:00;1;08:00;1;14:00;5;16:00;
781961;6;08:00;1;08:00;4;11:00;
781364;2;14:00;5;08:00;2;08:00;1;13:30;
781919;6;08:00;1;08:00;6;14:00;4;11:00;
781322;1;13:30;2;08:00;
781904;7;08:00;1;08:00;6;14:00;
782108;7;08:00;1;08:00;5;10:00;
782180;7;08:00;4;11:00;5;16:00;5;10:00;1;08:00;
781889;7;08:00;5;16:00;1;08:00;
781964;6;14:00;
781367;2;14:00;5;08:00;2;08:00;1;13:30;
1000893;4;11:00;5;10:00;1;08:00;1;14:00;5;16:00;
781595;1;13:30;
782060;6;14:00;5;16:00;6;08:00;1;08:00;
781463;5;08:00;2;08:00;1;13:30;
1000892;4;11:00;5;10:00;1;08:00;1;14:00;5;16:00;
781571;2;14:00;3;08:00;4;08:00;
782030;7;08:00;5;10:00;4;11:00;
1000862;4;11:00;1;08:00;1;14:00;5;16:00;
781166;3;08:00;3;13:00;
1000859;4;11:00;5;10:00;1;08:00;1;14:00;5;16:00;
782120;7;08:00;5;16:00;5;10:00;1;08:00;
781505;2;14:00;5;08:00;2;08:00;1;13:30;
1000869;1;08:00;1;14:00;5;16:00;
782054;4;11:00;1;14:00;5;16:00;
781457;5;08:00;2;08:00;1;13:30;
782156;6;08:00;1;08:00;
781991;1;15:00;1;08:00;2;08:00;
782069;4;11:00;5;10:00;1;08:00;1;14:00;5;16:00;
781472;5;08:00;2;08:00;1;13:30;
1000901;4;11:00;5;10:00;1;08:00;1;14:00;5;16:00;
781205;5;08:00;4;08:00;1;13:30;3;08:00;2;08:00;2;14:00;
782111;7;08:00;6;08:00;6;14:00;
782033;2;08:00;1;15:00;1;08:00;5;10:00;
1000865;4;11:00;5;10:00;1;08:00;1;14:00;5;16:00;
782177;7;08:00;4;11:00;5;16:00;6;08:00;1;08:00;
781580;2;14:00;
1000912;4;11:00;5;10:00;1;08:00;1;14:00;5;16:00;
781415;5;08:00;4;08:00;1;13:30;3;08:00;2;08:00;2;14:00;
782135;4;11:00;5;10:00;1;08:00;1;14:00;5;16:00;
781538;2;14:00;3;08:00;4;08:00;
782105;5;10:00;1;08:00;
1000920;7;08:00;6;08:00;1;14:00;6;14:00;5;16:00;5;10:00;1;08:00;4;11:00;
781622;1;08:00;2;14:00;3;08:00;4;08:00;
1000881;6;08:00;1;14:00;5;16:00;5;10:00;1;08:00;4;11:00;
782066;4;11:00;1;14:00;5;16:00;
781469;2;14:00;5;08:00;2;08:00;1;13:30;
1000898;4;11:00;5;10:00;1;08:00;1;14:00;5;16:00;
782063;4;11:00;5;16:00;5;10:00;1;08:00;
781466;2;14:00;4;08:00;1;13:30;3;08:00;
1000895;1;08:00;1;14:00;5;16:00;
781796;6;08:00;7;08:00;1;14:00;6;14:00;4;11:00;
1000903;4;11:00;5;10:00;1;08:00;1;14:00;5;16:00;
781406;1;08:00;
782057;6;08:00;1;08:00;
781460;2;08:00;
1000889;4;11:00;5;10:00;1;08:00;1;14:00;5;16:00;
782162;7;08:00;6;08:00;6;14:00;
781565;2;14:00;4;08:00;1;13:30;3;08:00;
781673;2;12:30;1;08:00;7;08:00;1;13:00;3;14:00;
1000897;4;11:00;1;08:00;1;14:00;5;16:00;
781400;5;08:00;2;08:00;1;13:30;
781787;6;14:00;4;11:00;
1000910;4;11:00;5;10:00;1;08:00;1;14:00;5;16:00;
782072;4;11:00;5;10:00;1;08:00;1;14:00;5;16:00;
781475;5;08:00;2;08:00;1;13:30;
1000904;7;08:00;1;14:00;1;08:00;6;14:00;5;16:00;5;10:00;6;08:00;
781208;5;08:00;2;08:00;1;13:30;
782141;1;14:00;
781544;2;14:00;3;08:00;4;08:00;
781967;1;08:00;2;08:00;7;08:00;1;15:00;
1000896;4;11:00;5;10:00;1;08:00;1;14:00;5;16:00;
781598;1;13:30;4;08:00;4;13:30;2;14:00;2;08:00;3;13:00;1;08:00;
781970;7;08:00;4;11:00;6;14:00;
781373;5;08:00;2;08:00;1;13:30;
782084;7;08:00;6;08:00;6;14:00;
1000899;5;10:00;1;08:00;1;14:00;5;16:00;
781601;2;14:00;4;08:00;1;13:30;3;08:00;
782165;4;11:00;1;14:00;5;16:00;
1000905;4;11:00;5;10:00;1;08:00;1;14:00;5;16:00;
781607;2;14:00;3;08:00;4;08:00;
782075;6;08:00;1;08:00;4;11:00;
1000907;4;11:00;5;10:00;1;08:00;1;14:00;5;16:00;
781808;2;12:30;1;08:00;6;08:00;3;14:00;1;13:00;
782093;7;08:00;6;08:00;6;14:00;
1000908;7;08:00;6;08:00;1;14:00;6;14:00;5;16:00;5;10:00;1;08:00;4;11:00;
781982;6;08:00;
782096;7;08:00;6;08:00;6;14:00;
1000911;4;11:00;5;10:00;1;08:00;1;14:00;5;16:00;
1000913;4;11:00;5;10:00;1;08:00;1;14:00;5;16:00;
782126;7;08:00;6;08:00;1;08:00;6;14:00;4;11:00;
781529;1;13:30;
1001055;4;11:00;1;14:00;5;10:00;1;08:00;
781757;1;13:30;
782102;4;11:00;5;10:00;1;14:00;5;16:00;
1000917;4;11:00;5;10:00;1;08:00;1;14:00;5;16:00;
782183;7;08:00;4;11:00;5;16:00;5;10:00;1;08:00;
781586;1;08:00;2;14:00;4;08:00;1;13:30;3;08:00;
1000918;4;11:00;5;10:00;1;08:00;1;14:00;5;16:00;
1000902;4;11:00;5;10:00;1;08:00;1;14:00;5;16:00;
782087;4;11:00;1;08:00;
1000919;4;11:00;5;10:00;1;08:00;1;14:00;5;16:00;
781820;1;15:00;1;08:00;2;08:00;
1000900;4;11:00;5;10:00;1;08:00;1;14:00;5;16:00;
781676;1;15:00;1;08:00;2;08:00;
781739;1;15:00;1;08:00;2;08:00;
781823;1;15:00;1;08:00;2;08:00;
781829;1;15:00;1;08:00;2;08:00;
781886;1;15:00;1;08:00;2;08:00;
781898;1;15:00;1;08:00;2;08:00;
781301;5;08:00;2;08:00;
781901;1;15:00;1;08:00;2;08:00;
781922;1;15:00;1;08:00;2;08:00;
781928;1;15:00;1;08:00;2;08:00;
781931;1;15:00;1;08:00;2;08:00;
781946;1;15:00;1;08:00;2;08:00;
781949;1;15:00;1;08:00;2;08:00;
781952;1;15:00;1;08:00;2;08:00;
781355;5;08:00;2;08:00;1;13:30;
781973;1;15:00;1;08:00;2;08:00;
781376;5;08:00;2;08:00;1;13:30;
781988;1;15:00;1;08:00;2;08:00;
781391;2;14:00;4;08:00;3;13:00;3;08:00;1;13:30;
1000914;4;11:00;5;10:00;1;08:00;1;14:00;5;16:00;
782099;1;15:00;1;08:00;2;08:00;
781832;2;12:30;3;14:00;1;13:00;2;08:00;6;08:00;1;08:00;
781754;4;08:00;
1000894;4;11:00;5;10:00;1;08:00;1;14:00;5;16:00;
781670;2;12:30;1;08:00;6;08:00;3;14:00;1;13:00;
781691;2;12:30;1;08:00;6;08:00;3;14:00;1;13:00;
781721;2;12:30;1;08:00;6;08:00;3;14:00;1;13:00;
781736;2;12:30;1;08:00;6;08:00;3;14:00;1;13:00;
781751;2;12:30;1;08:00;6;08:00;3;14:00;1;13:00;
781772;2;12:30;1;08:00;6;08:00;3;14:00;1;13:00;
781838;2;12:30;1;08:00;6;08:00;3;14:00;1;13:00;
781844;2;12:30;1;08:00;6;08:00;3;14:00;1;13:00;
781847;2;12:30;1;08:00;6;08:00;3;14:00;1;13:00;
781856;2;12:30;1;08:00;6;08:00;3;14:00;1;13:00;
781859;2;12:30;1;08:00;6;08:00;3;14:00;1;13:00;
781862;2;12:30;1;08:00;6;08:00;3;14:00;1;13:00;
781874;2;12:30;1;08:00;6;08:00;3;14:00;1;13:00;
781877;2;12:30;1;08:00;6;08:00;3;14:00;1;13:00;
781661;2;14:00;
781145;5;08:00;1;13:30;4;13:30;2;08:00;
781703;1;08:00;4;13:30;
781697;1;13:30;1;08:00;
781418;1;13:30;
781430;1;08:00;2;14:00;4;08:00;1;13:30;3;08:00;
1000855;7;08:00;1;14:00;6;14:00;5;16:00;5;10:00;6;08:00;4;11:00;
781631;2;14:00;4;08:00;1;13:30;3;08:00;
781637;2;14:00;4;08:00;1;13:30;3;08:00;
781649;2;14:00;4;08:00;1;13:30;3;08:00;
1000891;4;11:00;5;10:00;1;08:00;1;14:00;5;16:00;
781667;1;13:30;
781712;1;13:30;
781733;1;13:30;
781745;1;13:30;
781778;1;13:30;
781784;1;13:30;
781298;2;14:00;3;08:00;4;08:00;
781439;1;08:00;2;14:00;3;08:00;4;08:00;
781448;5;08:00;4;08:00;1;13:30;3;08:00;2;08:00;2;14:00;
781481;1;08:00;2;14:00;3;08:00;4;08:00;
781553;1;08:00;2;14:00;3;08:00;4;08:00;
781592;2;14:00;3;08:00;4;08:00;
780398;2;14:00;1;13:30;5;08:00;1;08:00;2;08:00;
781442;2;08:00;4;08:00;
781313;5;08:00;2;08:00;1;13:30;
781316;5;08:00;2;08:00;1;13:30;
781379;2;14:00;5;08:00;2;08:00;1;13:30;
781382;5;08:00;2;08:00;1;13:30;
781388;5;08:00;2;08:00;1;13:30;
781427;5;08:00;2;08:00;1;13:30;
631965;1;08:00;
1000993;5;16:30;
771852;5;16:30;
771849;5;16:30;
771846;5;16:30;
771840;5;16:30;
771837;5;16:30;
771831;5;16:30;
771828;5;16:30;
771825;5;16:30;
771822;5;16:30;
771819;5;16:30;
771813;5;16:30;
771810;5;16:30;
771807;5;16:30;
771801;5;16:30;
771798;5;16:30;
771795;5;16:30;
771789;5;16:30;
771783;5;16:30;
771780;5;16:30;
1000546;1;14:30;6;08:00;
1000543;1;14:30;6;08:00;
1000541;1;14:30;6;08:00;
771912;1;08:00;
1000540;1;14:30;6;08:00;
1000538;1;14:30;6;08:00;
771909;1;08:00;
1000535;1;14:30;6;08:00;
771906;1;08:00;
1000534;1;14:30;6;08:00;
771711;5;16:30;
1000532;1;08:00;6;08:00;1;14:30;
771903;1;08:00;
1000531;1;14:30;6;08:00;
771999;1;08:00;
1000529;1;14:30;6;08:00;
771900;1;08:00;6;08:00;
1000528;1;14:30;6;08:00;
771996;1;14:30;
1000526;1;14:30;6;08:00;
1000548;1;14:30;6;08:00;
771897;1;08:00;
1000523;1;14:30;6;08:00;
1000507;1;14:30;6;08:00;
771975;1;08:00;
771894;1;08:00;
1000545;1;14:30;6;08:00;
771984;1;08:00;6;08:00;
1000516;1;14:30;6;08:00;
1000803;1;14:30;6;08:00;
771687;1;08:00;6;08:00;
1000510;1;14:30;6;08:00;
771978;1;08:00;
1000514;1;14:30;6;08:00;
771885;1;08:00;
1000536;1;14:30;6;08:00;
1000525;1;14:30;6;08:00;
771993;1;08:00;
1000513;1;14:30;6;08:00;
771981;1;08:00;
1000508;1;14:30;6;08:00;
771879;1;08:00;
1000520;1;14:30;6;08:00;
1000542;1;14:30;6;08:00;
771891;1;08:00;
1000506;1;14:30;6;08:00;
771945;1;08:00;6;08:00;
1000519;1;14:30;6;08:00;
771987;1;08:00;
1000517;1;14:30;6;08:00;
1000539;1;14:30;6;08:00;
771888;1;08:00;
771960;1;08:00;6;08:00;
771870;1;08:00;6;08:00;
1000521;1;14:30;6;08:00;
1000522;1;14:30;6;08:00;
771990;1;08:00;
1000509;1;14:30;6;08:00;
771858;1;08:00;
1000512;1;14:30;6;08:00;
771861;1;08:00;
1000515;1;14:30;6;08:00;
771864;1;08:00;
1000518;1;14:30;6;08:00;
771867;1;08:00;
771576;5;16:30;
1000524;1;14:30;6;08:00;
771873;1;08:00;
1000527;1;14:30;6;08:00;
771876;1;08:00;
1000533;1;14:30;6;08:00;
771882;1;08:00;
771915;1;08:00;
771918;1;08:00;
771921;1;08:00;
771924;1;08:00;
771927;1;08:00;
771936;1;08:00;
771939;1;08:00;
771942;1;08:00;
771948;1;08:00;
771951;1;08:00;
771954;1;08:00;
771957;1;08:00;
771963;1;08:00;
771966;1;08:00;
771747;5;16:30;
771750;5;16:30;
771753;5;16:30;
771756;5;16:30;
771759;5;16:30;
771762;5;16:30;
771765;5;16:30;
771771;5;16:30;
771774;5;16:30;
771777;5;16:30;
